file_id,12
date,2024-04-09
instrument,qwe
sample,qwe
spring_constant,122
inv_ols,23
tip_geometry,12
tip_radius,123
sampling_rate,23
velocity,2
geometry,approach
parameter,force
unit,N
value,1.07171586320023e-12
curve_id,0
file_id,12
date,2024-04-09
instrument,qwe
sample,qwe
spring_constant,122.0
inv_ols,23.0
tip_geometry,12
tip_radius,123.0
segment_type,approach
sampling_rate,23.0
velocity,2.0
no_points,2000
index,Z (m),Force (N)
0,-2.2858556285e-06,-1.07171586320023e-12
1,-2.2846959982e-06,-1.2937054109022997e-13
2,-2.2836696158e-06,-2.1147591224022998e-13
3,-2.2825070718e-06,-1.12201192980023e-12
4,-2.2813938341e-06,-5.8909562557023e-13
5,-2.2802763696e-06,4.1253537567977e-13
6,-2.2790725524e-06,-9.3035037235023e-13
7,-2.2779017087e-06,1.08576436619977e-12
8,-2.2768207878e-06,8.6675301409977e-13
9,-2.2756802911e-06,-2.3177252454023003e-13
10,-2.2745185371e-06,-4.6272012494023e-13
11,-2.2734031655e-06,4.2078133084977e-13
12,-2.2722866448e-06,-5.8042124587023e-13
13,-2.2711313645e-06,1.6820924550977002e-13
14,-2.2700571429e-06,8.7156305318977e-13
15,-2.2689236328e-06,1.8721328151977003e-13
16,-2.2676679446e-06,-9.8268875819023e-13
17,-2.266579637e-06,-1.67629347350023e-12
18,-2.2654895751e-06,-8.9491406465023e-13
19,-2.264193219e-06,3.2843758702976997e-13
20,-2.2631407471e-06,4.2167104202977e-13
21,-2.2620707627e-06,-3.2128890986023e-13
22,-2.2609629624e-06,-1.35805072290023e-12
23,-2.2597099006e-06,-1.32980756580023e-12
24,-2.2585564772e-06,-1.5993830297229992e-14
25,-2.2574960646e-06,-1.4447007168023e-13
26,-2.2563703106e-06,-2.7290006270023003e-13
27,-2.2552048017e-06,1.9045202494977e-13
28,-2.2541395878e-06,-9.6120302438023e-13
29,-2.2529134977e-06,4.1042854934976997e-13
30,-2.2517534057e-06,-4.2012109456023003e-13
31,-2.2506099236e-06,-9.9425256926023e-13
32,-2.2494378077e-06,1.0631650571977e-13
33,-2.2483233594e-06,2.5386129021977e-13
34,-2.2471897467e-06,4.3469052282977e-13
35,-2.2459679245e-06,5.5387539232770013e-14
36,-2.2449161913e-06,-4.1978638790023e-13
37,-2.2437196583e-06,-5.2909063138023e-13
38,-2.2427063155e-06,-5.2720653713023e-13
39,-2.2415942986e-06,6.1191709457977e-13
40,-2.2403997559e-06,1.5985495857997699e-12
41,-2.2394659022e-06,8.081916036777001e-14
42,-2.2382431874e-06,-4.5332643019023003e-13
43,-2.2370376057e-06,5.9318812658977e-13
44,-2.2359654873e-06,6.3688986329977e-13
45,-2.2347636399e-06,1.2878931991977001e-13
46,-2.2336841348e-06,-4.1397953150023e-13
47,-2.2324975225e-06,-1.0578406653023e-13
48,-2.2313202565e-06,1.13291175589977e-12
49,-2.2302034383e-06,6.6469485897977e-13
50,-2.2290649524e-06,-4.2402681709023003e-13
51,-2.2279396908e-06,2.8847361095976996e-13
52,-2.2268066936e-06,-4.4725302557023003e-13
53,-2.2255963516e-06,5.107796937697699e-13
54,-2.2245476654e-06,7.8135778068977e-13
55,-2.2235051041e-06,-5.0706571556023e-13
56,-2.2224641022e-06,-6.9249686057023e-13
57,-2.2213085756e-06,-1.2731118225023e-13
58,-2.2201836321e-06,1.48566580659977e-12
59,-2.2189825541e-06,6.5703190197977e-13
60,-2.2178090225e-06,6.945252194777001e-14
61,-2.2167468761e-06,6.4418160017977e-13
62,-2.2155621208e-06,1.8357775855977002e-13
63,-2.2144857858e-06,-1.2593097366023e-13
64,-2.2134356839e-06,8.050271042777e-14
65,-2.2122197608e-06,9.7039036942977e-13
66,-2.2110796437e-06,7.5050756288977e-13
67,-2.2100266384e-06,-1.43903634810023e-12
68,-2.2088499058e-06,-1.57913603920023e-12
69,-2.2075946895e-06,1.04081386929977e-12
70,-2.2064733162e-06,1.21700832739977e-12
71,-2.2053111928e-06,1.42998278839977e-12
72,-2.2041738765e-06,1.1754000287997699e-12
73,-2.203031051e-06,8.079846940977001e-14
74,-2.2018866352e-06,-1.2949542562002301e-12
75,-2.2008066069e-06,-8.578163947702301e-13
76,-2.1996896553e-06,1.49203983869977e-12
77,-2.198495841e-06,7.3968010647977e-13
78,-2.1973940732e-06,-1.13324103420023e-12
79,-2.1962939982e-06,-1.40735849200023e-12
80,-2.1951844846e-06,-9.461825210722999e-14
81,-2.1939994933e-06,1.86044720739977e-12
82,-2.1928819877e-06,5.1815054313977e-13
83,-2.1917113595e-06,-1.04996236410023e-12
84,-2.1906153061e-06,-3.3640669718023004e-13
85,-2.1894719368e-06,1.0838560147977e-13
86,-2.1883005596e-06,-8.057043923502301e-13
87,-2.1871499883e-06,-1.2861592969022997e-13
88,-2.1860558534e-06,1.3280518284997699e-12
89,-2.1849789747e-06,-1.1197187997023e-13
90,-2.1838775762e-06,-9.9319733042023e-13
91,-2.182835456e-06,4.4190801568977e-13
92,-2.1816629606e-06,1.04345866059977e-12
93,-2.1804073852e-06,7.3825851597977e-13
94,-2.1792770452e-06,-8.1809340750023e-13
95,-2.1782818306e-06,-4.9327458376023e-13
96,-2.1770826301e-06,8.9040156152977e-13
97,-2.175968346e-06,5.307988890177001e-14
98,-2.1747631336e-06,2.378027580777001e-14
99,-2.1736947701e-06,-2.4782749053023004e-13
100,-2.1724517726e-06,-3.5639172800023e-13
101,-2.1714251235e-06,2.6452078473977e-13
102,-2.1702741008e-06,1.4779335592977002e-13
103,-2.1691263713e-06,1.26496996719977e-12
104,-2.1679067343e-06,-5.722482324223e-14
105,-2.166655437e-06,-6.5969195583023e-13
106,-2.1655553723e-06,-3.2682800092023004e-13
107,-2.1645249887e-06,-6.6283454716023e-13
108,-2.1633184529e-06,-3.2819360413023003e-13
109,-2.1620354133e-06,4.832388120697699e-13
110,-2.1610838008e-06,1.6959067120977e-13
111,-2.1600675956e-06,3.5061716166770015e-14
112,-2.1589270477e-06,7.5927931179977e-13
113,-2.1578333539e-06,5.5025195531977e-13
114,-2.1566530409e-06,-7.6177992357023e-13
115,-2.1555593471e-06,1.0524105424997699e-12
116,-2.1543845023e-06,8.9707865526977e-13
117,-2.153208929e-06,-1.08881876540023e-12
118,-2.1520524996e-06,-1.02851436080023e-12
119,-2.1508920588e-06,8.359296580277e-14
120,-2.1498620549e-06,-3.0299323487023e-13
121,-2.1486666606e-06,-7.4536955995023e-13
122,-2.1475237838e-06,6.3506419056977e-13
123,-2.1464618837e-06,4.4396250606977e-13
124,-2.1452146286e-06,-2.5220910508023003e-13
125,-2.144140407e-06,3.5775667396977e-13
126,-2.1430610558e-06,1.4710690297977002e-13
127,-2.1418021359e-06,-4.4374286547023e-13
128,-2.140702379e-06,4.3583947952976997e-13
129,-2.1397096061e-06,5.860643515997699e-13
130,-2.1385411015e-06,-8.3191861853023e-13
131,-2.1374793655e-06,-3.0248691497023004e-13
132,-2.1363120715e-06,1.01036286529977e-12
133,-2.1351911496e-06,-3.6181154178023e-13
134,-2.1340607583e-06,-2.9964008262023e-13
135,-2.1329494288e-06,3.7620205411977e-13
136,-2.1317591334e-06,9.2541553026977e-13
137,-2.1306580017e-06,1.3767069438770011e-14
138,-2.1293813127e-06,-1.22090497030023e-12
139,-2.1282570667e-06,-7.5764660051023e-13
140,-2.1270777693e-06,9.796466153677001e-14
141,-2.1260181058e-06,8.7493567927977e-13
142,-2.1249055862e-06,1.0281251638770011e-14
143,-2.1236856209e-06,-1.04315625610023e-12
144,-2.1226502719e-06,4.3608655390977e-13
145,-2.1214824341e-06,4.989286435197699e-13
146,-2.1204024058e-06,-2.8804584367023e-13
147,-2.1190919226e-06,-2.3552489056023004e-13
148,-2.1179625367e-06,2.3728539893977e-13
149,-2.1167792998e-06,-5.4513951180023e-13
150,-2.1156219265e-06,-4.3483723389023e-13
151,-2.1144542119e-06,2.2666776466997703e-12
152,-2.1134298095e-06,2.6155832644977e-13
153,-2.1122464802e-06,6.122847485477001e-14
154,-2.1111801276e-06,3.1727907529977e-13
155,-2.110078647e-06,-2.5689499843023e-13
156,-2.1089682101e-06,-4.783527519702301e-13
157,-2.1078050198e-06,-5.0658130373023e-13
158,-2.1067640077e-06,2.7047098076700107e-15
159,-2.1056586389e-06,6.705564855597699e-13
160,-2.1044996138e-06,-6.6169654449023e-13
161,-2.1033532283e-06,-3.9794282223023003e-13
162,-2.102207684e-06,-9.4598421650023e-13
163,-2.1010677311e-06,1.7015176129977001e-13
164,-2.0998821037e-06,1.81958621749977e-12
165,-2.0987002517e-06,1.15745244869977e-12
166,-2.0976265842e-06,2.7674670644977e-13
167,-2.0964891345e-06,-6.3939169218023e-13
168,-2.0953623135e-06,-1.32872798460023e-12
169,-2.0941029216e-06,4.1845298955977e-13
170,-2.093079022e-06,1.3233914945997699e-12
171,-2.0918358912e-06,3.2451360776977e-13
172,-2.0907155335e-06,-4.7312402527023e-13
173,-2.0896117857e-06,-4.0338576120023e-13
174,-2.0885275203e-06,-9.1881090358023e-13
175,-2.0874206844e-06,-4.6257407112023e-13
176,-2.0861458523e-06,-4.212407553122999e-14
177,-2.0850352512e-06,1.64272964879977e-12
178,-2.083941024e-06,1.02276526869977e-12
179,-2.0827146056e-06,-5.4676314342023e-13
180,-2.0815777304e-06,-6.6788070658023e-13
181,-2.0805144658e-06,-8.4702545182023e-13
182,-2.0794105025e-06,4.619113032397699e-13
183,-2.0781833557e-06,7.6041974869977e-13
184,-2.0771291193e-06,-2.8974980488023004e-13
185,-2.0760402064e-06,-1.02074794900023e-12
186,-2.0748868446e-06,-4.1390041901023e-13
187,-2.073718894e-06,1.66617493799977e-12
188,-2.0726445698e-06,2.0198297390977e-13
189,-2.0714040756e-06,-1.40247542600023e-12
190,-2.070432283e-06,1.40886827469977e-12
191,-2.0693457811e-06,1.11587579509977e-12
192,-2.0681254464e-06,-8.1293770771023e-13
193,-2.0669940395e-06,-1.31455954710023e-12
194,-2.0658849363e-06,-1.92609175340023e-12
195,-2.0647295431e-06,-2.1141870783023e-13
196,-2.0636643702e-06,1.92942720879977e-12
197,-2.0624779734e-06,1.54848233679977e-12
198,-2.061436161e-06,2.767504429977001e-14
199,-2.0602403974e-06,3.2295326614977e-13
200,-2.0591483452e-06,1.13597158339977e-12
201,-2.0579843957e-06,-2.3186867664023003e-13
202,-2.0568917074e-06,-4.0855606637023003e-13
203,-2.0556477353e-06,5.359788459097699e-13
204,-2.0545499994e-06,7.2516600827977e-13
205,-2.0534395112e-06,7.729439488277001e-14
206,-2.0523816943e-06,-1.66327520980023e-12
207,-2.0512935919e-06,-7.2755829680023e-13
208,-2.0502002983e-06,2.8871094840977e-13
209,-2.0488719126e-06,1.8937487803977002e-13
210,-2.047917171e-06,-7.0376856400023e-13
211,-2.0468065494e-06,-1.18594942310023e-12
212,-2.045689567e-06,-3.199889456822999e-14
213,-2.0445268692e-06,9.700081952697699e-13
214,-2.0433741126e-06,-5.252688898002301e-13
215,-2.0422082857e-06,-1.45499029360023e-12
216,-2.0409829343e-06,-2.2916789811023003e-13
217,-2.0398569955e-06,1.2140921194997699e-12
218,-2.0386757694e-06,9.1044136253977e-13
219,-2.0375768332e-06,-2.0046345433022998e-13
220,-2.0364624156e-06,-2.2108747061022996e-13
221,-2.0352549359e-06,1.1905726714977002e-13
222,-2.0341370097e-06,1.09409795359977e-12
223,-2.0329389583e-06,-2.7860103008023003e-13
224,-2.0320039658e-06,-2.1417790788022996e-13
225,-2.0307250608e-06,4.1102006731976997e-13
226,-2.0294948772e-06,1.21316224359977e-12
227,-2.0283125328e-06,7.2445399590977e-13
228,-2.0272223785e-06,-5.4944079675023e-13
229,-2.0260777371e-06,6.4548513050977e-13
230,-2.0249049749e-06,2.1284085819977004e-13
231,-2.023717747e-06,-2.6482815500023e-13
232,-2.0224740109e-06,-3.761831523222999e-14
233,-2.0213880835e-06,7.6823606221977e-13
234,-2.020312323e-06,4.3648455055976997e-13
235,-2.0191941711e-06,1.3543841999977001e-13
236,-2.0180392088e-06,-4.0749595908023004e-13
237,-2.0168929361e-06,-1.1230902087022999e-13
238,-2.0159330546e-06,-9.8336547421023e-13
239,-2.0147548139e-06,1.34664813089977e-12
240,-2.0136887485e-06,9.0513839180977e-13
241,-2.0125182843e-06,-4.6562537881023e-13
242,-2.0113882316e-06,-8.779388744123e-14
243,-2.0102275241e-06,1.74894241979977e-12
244,-2.0091777607e-06,4.2730750229977e-13
245,-2.0080596396e-06,-5.4981810245023e-13
246,-2.006935763e-06,-1.17111765780023e-12
247,-2.0057509666e-06,-7.005443407622999e-14
248,-2.0045798972e-06,1.32963894659977e-12
249,-2.0034302389e-06,8.8155070013977e-13
250,-2.0023497387e-06,-9.537164638722999e-14
251,-2.001332405e-06,6.782109227697699e-13
252,-1.9999936266e-06,8.1479436818977e-13
253,-1.9989417396e-06,1.0086139559977e-13
254,-1.9978523137e-06,4.555628305997699e-13
255,-1.9966057768e-06,7.9362386720977e-13
256,-1.995543138e-06,5.3570864634977e-13
257,-1.9942549483e-06,1.9249360538997703e-12
258,-1.9932400769e-06,9.3756842507977e-13
259,-1.9920675506e-06,-4.9327945222023e-13
260,-1.9908759523e-06,-1.04677595660023e-12
261,-1.9897722865e-06,-5.5882353747023e-13
262,-1.9886594489e-06,2.1938772060977004e-13
263,-1.987562185e-06,1.5289330331997699e-12
264,-1.9863203776e-06,1.42370490839977e-12
265,-1.9851967164e-06,-1.02774757830023e-12
266,-1.9841653788e-06,2.5684930791977e-13
267,-1.9830582454e-06,2.00541535919977e-12
268,-1.9819300188e-06,1.6644077719977e-13
269,-1.980695988e-06,-1.09077832070023e-12
270,-1.9796328157e-06,-1.6422141640022998e-13
271,-1.9785978976e-06,1.4146192289977003e-13
272,-1.9774654032e-06,2.8105988259700108e-15
273,-1.9762481053e-06,8.4702601168977e-13
274,-1.9751667638e-06,9.7975241918977e-13
275,-1.9739749705e-06,1.40504166459977e-12
276,-1.9728300111e-06,-3.531431624622999e-14
277,-1.9717343681e-06,-1.32474071540023e-12
278,-1.9705875311e-06,-6.698121831323e-14
279,-1.9694234791e-06,4.3993628913976997e-13
280,-1.9682472697e-06,5.9159857419977e-13
281,-1.9671376946e-06,5.269125551297699e-13
282,-1.965976987e-06,8.5641848932977e-13
283,-1.9648954301e-06,-9.034861214822999e-14
284,-1.9637360152e-06,-1.07020420620023e-12
285,-1.9625865519e-06,9.9127971680977e-13
286,-1.9614781874e-06,6.507649760497699e-13
287,-1.9602937193e-06,-1.12385951060023e-12
288,-1.9591226293e-06,-4.1222323433023004e-13
289,-1.9580375842e-06,-1.30574154780023e-12
290,-1.956900709e-06,1.3668718014977e-13
291,-1.9558454775e-06,9.1048517867977e-13
292,-1.9547497216e-06,4.5949654676977e-13
293,-1.9535334086e-06,1.5843824505977e-13
294,-1.9524537497e-06,6.621742986977001e-14
295,-1.951302573e-06,-1.05429407690023e-12
296,-1.9501005513e-06,-9.5073461694023e-13
297,-1.9489305078e-06,-3.6393297350023e-13
298,-1.9477756378e-06,5.9884771205977e-13
299,-1.9466903362e-06,2.2683281399977e-13
300,-1.9456014438e-06,-2.2311761868022996e-13
301,-1.9444278711e-06,1.60656550619977e-12
302,-1.9432641063e-06,6.6322945233977e-13
303,-1.9421710897e-06,-3.5484477464023e-13
304,-1.9410932979e-06,7.7577487347977e-13
305,-1.939964466e-06,1.4342767705997699e-12
306,-1.9388043535e-06,7.597747628677e-14
307,-1.9376516175e-06,3.4016205729976996e-13
308,-1.9364298568e-06,6.1942182660977e-13
309,-1.9353074473e-06,1.77098680939977e-12
310,-1.934173455e-06,5.5942170088977e-13
311,-1.9329793329e-06,-7.7845561829023e-13
312,-1.9318803043e-06,1.901283575077001e-14
313,-1.9308290021e-06,1.1200651905977e-13
314,-1.929667166e-06,-8.918493686902301e-13
315,-1.928519375e-06,1.01226521629977e-12
316,-1.9274101692e-06,1.58800936859977e-12
317,-1.926222613e-06,-7.0986022535023e-13
318,-1.925059751e-06,4.839034421477001e-14
319,-1.9239725925e-06,6.848393318897699e-13
320,-1.9228153218e-06,3.0852680022977e-13
321,-1.9217026792e-06,1.9719240866977003e-13
322,-1.9205475835e-06,1.63153218929977e-12
323,-1.9194394344e-06,4.0994048617976996e-13
324,-1.9183427244e-06,1.2730200519977003e-13
325,-1.9171432983e-06,1.60798344539977e-12
326,-1.915984499e-06,1.29294779319977e-12
327,-1.9148809563e-06,1.5479663651977e-13
328,-1.913714401e-06,3.1646847660977e-13
329,-1.9125900524e-06,9.5942051054977e-13
330,-1.9114361468e-06,1.71682153369977e-12
331,-1.9103239556e-06,5.546992940897699e-13
332,-1.9092092405e-06,8.3288435071977e-13
333,-1.9080043154e-06,2.7072320355976996e-13
334,-1.9068500917e-06,1.21113331259977e-12
335,-1.9056962579e-06,9.4280688869977e-13
336,-1.9045257528e-06,1.19578427339977e-12
337,-1.9033472761e-06,6.310075457597699e-13
338,-1.9022451082e-06,2.1567186804977e-13
339,-1.9011588832e-06,1.6161491560977003e-13
340,-1.9000804554e-06,1.33822691119977e-12
341,-1.8988274961e-06,1.13491269319977e-12
342,-1.8978374625e-06,8.4045115562977e-13
343,-1.8965566389e-06,1.41043348479977e-12
344,-1.8954127464e-06,1.06182492819977e-12
345,-1.8943428748e-06,-3.607501321722999e-14
346,-1.893271967e-06,3.7871539690977e-13
347,-1.8922243274e-06,2.7944139939976997e-13
348,-1.8911488439e-06,1.7602799325977004e-13
349,-1.8900618598e-06,9.8282320072977e-13
350,-1.8888691432e-06,1.22493052999977e-12
351,-1.8877271384e-06,2.6621257479977e-13
352,-1.8865907659e-06,9.6426828020977e-13
353,-1.8855712573e-06,1.6755394219997699e-12
354,-1.8844154127e-06,-9.766469133722999e-14
355,-1.8833324091e-06,-6.3131126468023e-13
356,-1.8821318237e-06,1.45102792649977e-12
357,-1.880905949e-06,1.55220427499977e-12
358,-1.8797464008e-06,2.5156702815976997e-13
359,-1.8786371129e-06,-1.2117083630022996e-13
360,-1.8774135568e-06,1.3491018350997699e-12
361,-1.876378413e-06,1.8501882289977003e-13
362,-1.8751601405e-06,4.2207147290976996e-13
363,-1.8740392801e-06,3.6339191712977e-13
364,-1.8729949234e-06,-4.780678618322999e-14
365,-1.8719840428e-06,7.9031818244977e-13
366,-1.8707322019e-06,-8.226201387129989e-15
367,-1.8696007641e-06,-1.2655283431229989e-14
368,-1.8684098122e-06,1.03365479799977e-12
369,-1.8672665557e-06,-2.7540245145023004e-13
370,-1.8661333944e-06,5.3820129817977e-13
371,-1.8650236039e-06,2.1685027041997703e-12
372,-1.8637868954e-06,1.0972564526977e-13
373,-1.862611517e-06,5.8444680555977e-13
374,-1.8613920134e-06,5.7331141901977e-13
375,-1.8603790091e-06,3.1553129793977e-13
376,-1.8591366683e-06,1.69078378929977e-12
377,-1.8579726265e-06,9.6891522586977e-13
378,-1.8568418864e-06,-4.3344363704023e-13
379,-1.8557213748e-06,-1.9060725581022998e-13
380,-1.8546798907e-06,1.29208972699977e-12
381,-1.8535658118e-06,8.5692115788977e-13
382,-1.8524235607e-06,-8.8046082220023e-13
383,-1.8512891888e-06,3.3773026122977e-13
384,-1.8500699827e-06,8.4546567005977e-13
385,-1.8490168441e-06,5.1467081091977e-13
386,-1.8477444024e-06,3.1537063873976997e-13
387,-1.8467168812e-06,-8.9275733660023e-13
388,-1.8455733273e-06,-8.5978812132023e-13
389,-1.8445267545e-06,3.7705160049976997e-13
390,-1.8433234709e-06,1.14789079209977e-12
391,-1.8421381513e-06,4.7854074757977e-13
392,-1.8410120073e-06,-1.0533629838002301e-12
393,-1.8398763428e-06,-1.6181677051002301e-12
394,-1.8388080306e-06,-6.200200022022999e-14
395,-1.8377332858e-06,9.9489089746977e-13
396,-1.8365630166e-06,8.6619192400977e-13
397,-1.8354522309e-06,3.6009231793977e-13
398,-1.8342119521e-06,-2.5755467484023e-13
399,-1.8330584877e-06,2.8380962568977e-13
400,-1.8319640861e-06,-1.8074010326023e-13
401,-1.8308808979e-06,1.28586905149977e-12
402,-1.829663323e-06,1.7305944939977e-13
403,-1.8285340808e-06,8.0134159439977e-13
404,-1.8274199197e-06,-8.562133689122999e-14
405,-1.8263077285e-06,-9.951714060023e-14
406,-1.8252761446e-06,7.5725159795977e-13
407,-1.8240308799e-06,9.0258366710977e-13
408,-1.8229666304e-06,6.7650817866977e-13
409,-1.8218298783e-06,6.377248042897699e-13
410,-1.8207203853e-06,2.0700479103977e-13
411,-1.8196659949e-06,-1.8430138220022996e-13
412,-1.8184431365e-06,6.8637654832977e-13
413,-1.8173356338e-06,8.2177208936977e-13
414,-1.8162191952e-06,2.8488798971977e-13
415,-1.8150336704e-06,3.0678754267977e-13
416,-1.8139355549e-06,1.0957301050997699e-12
417,-1.8128257335e-06,-1.23952804930023e-12
418,-1.8116098412e-06,-1.09569790020023e-12
419,-1.8104321545e-06,1.57640052419977e-12
420,-1.8094448806e-06,2.06509051509977e-12
421,-1.8082678402e-06,1.4236875888770008e-14
422,-1.8070726204e-06,-5.1691217716023e-13
423,-1.8058939385e-06,3.0248504060977e-13
424,-1.8049216432e-06,1.17914144079977e-12
425,-1.8037313991e-06,1.7073971311770008e-14
426,-1.8025419553e-06,-1.00129114620023e-12
427,-1.8014187968e-06,-6.273714629302301e-13
428,-1.8001858022e-06,-4.2172646945023004e-13
429,-1.799042833e-06,1.8653899972977004e-13
430,-1.7979277178e-06,1.42094205699977e-12
431,-1.7968739636e-06,1.29752779749977e-12
432,-1.7957443213e-06,6.3147735220977e-13
433,-1.7945887742e-06,1.24734248839977e-12
434,-1.7934453228e-06,9.8331978370977e-13
435,-1.7923835663e-06,3.2255892083976996e-13
436,-1.7913323769e-06,-7.694452296123e-14
437,-1.79020018e-06,-1.32184763270023e-12
438,-1.7891782604e-06,1.22115260449977e-12
439,-1.7879826815e-06,8.2789661281977e-13
440,-1.7869291119e-06,1.4406289797977004e-13
441,-1.7856884946e-06,1.9659029327997703e-12
442,-1.7845163993e-06,1.55979907349977e-12
443,-1.7833223387e-06,-8.4335341540023e-13
444,-1.782151177e-06,4.0313194400977e-13
445,-1.7810632695e-06,1.50610968989977e-12
446,-1.7798133778e-06,3.6070452686977e-13
447,-1.7786709421e-06,-3.3820194203023004e-13
448,-1.7776617646e-06,-2.2781446606023e-13
449,-1.7765314143e-06,-8.482450012002301e-13
450,-1.7753132034e-06,8.3790738495977e-13
451,-1.7742255831e-06,1.28155316109977e-12
452,-1.773085107e-06,1.4598350568977002e-13
453,-1.7720079513e-06,3.3337664031976997e-13
454,-1.7708735999e-06,1.48977843869977e-12
455,-1.7697406335e-06,5.4969208234977e-13
456,-1.7686198142e-06,-4.0588206438023e-13
457,-1.7675236377e-06,-1.30520966850023e-12
458,-1.7663550818e-06,2.9159064286976996e-13
459,-1.7653165114e-06,1.03169280839977e-12
460,-1.7643158388e-06,3.2868101005977e-13
461,-1.7630404732e-06,-4.3116884881023e-13
462,-1.762013742e-06,2.0024858481977e-13
463,-1.7608613138e-06,1.66256984289977e-12
464,-1.7596146024e-06,1.28743304449977e-12
465,-1.7584115034e-06,-2.1369593028023e-13
466,-1.7572687189e-06,1.19514772219977e-12
467,-1.7560523444e-06,1.01506823249977e-12
468,-1.7548054176e-06,-2.3043248076023004e-13
469,-1.7537432507e-06,6.9681209365977e-13
470,-1.7526155064e-06,5.4011703742977e-13
471,-1.7514976417e-06,4.640205637997699e-13
472,-1.7503508253e-06,-2.9568445837023e-13
473,-1.7492397831e-06,4.7669316677977e-13
474,-1.7479435296e-06,1.79368965839977e-12
475,-1.7469160494e-06,2.4626892588977e-13
476,-1.7458371291e-06,-2.7369240466023004e-13
477,-1.7446131934e-06,6.925753158097699e-13
478,-1.7435230392e-06,1.54943777219977e-12
479,-1.7423116404e-06,1.09464930679977e-12
480,-1.7412912289e-06,2.6141957531977e-13
481,-1.740214104e-06,-4.1952349102023003e-13
482,-1.7389541274e-06,5.869309375897699e-13
483,-1.7378285375e-06,1.65532800769977e-12
484,-1.7367384448e-06,1.40109456019977e-12
485,-1.73561029e-06,-7.181037462802301e-13
486,-1.734401969e-06,4.8712749498977e-13
487,-1.7333045204e-06,5.0065451280977e-13
488,-1.7321542261e-06,-2.348395695322999e-14
489,-1.731077532e-06,4.0138051529977e-13
490,-1.7298567152e-06,1.99164978679977e-12
491,-1.7286984597e-06,-5.0575488254023e-13
492,-1.727557963e-06,-8.108187102302301e-13
493,-1.7265349867e-06,2.41769364359977e-12
494,-1.7253762181e-06,2.42756323039977e-12
495,-1.724315703e-06,-7.272478472322999e-14
496,-1.7231686506e-06,-2.3959127229023e-13
497,-1.7221058477e-06,1.3784465665977e-13
498,-1.720989563e-06,-4.3755009837229985e-14
499,-1.7198725704e-06,3.5974544012977e-13
500,-1.7187291395e-06,-6.0052190264023e-13
501,-1.7176300904e-06,-7.0254171193023e-13
502,-1.7165767363e-06,7.7361327696977e-13
503,-1.7153178677e-06,3.7417434026977e-13
504,-1.7143298039e-06,7.035463917997699e-13
505,-1.7132345507e-06,6.731988425597699e-13
506,-1.7120308669e-06,-1.3930500863002301e-12
507,-1.7108128509e-06,-7.1681238710023e-13
508,-1.7097487348e-06,5.0504099581977e-13
509,-1.7085841082e-06,-1.7728714757022997e-13
510,-1.7073788137e-06,6.1461178752977e-13
511,-1.7061352212e-06,-1.0573659904023e-13
512,-1.7050472932e-06,-1.04203164170023e-12
513,-1.7039211903e-06,8.8407012850977e-13
514,-1.7027406926e-06,7.4385116011977e-13
515,-1.7017048716e-06,-8.265328839702301e-13
516,-1.7005992361e-06,6.9347111255977e-13
517,-1.6993663235e-06,2.9635686580976997e-13
518,-1.6982813707e-06,-1.12397878790023e-12
519,-1.6972395481e-06,-6.8221102040023e-13
520,-1.6960533359e-06,1.8327956534977e-13
521,-1.694935184e-06,1.25472307469977e-12
522,-1.6938064034e-06,2.2013868065977003e-13
523,-1.6925610361e-06,-7.9467246060023e-13
524,-1.6914206009e-06,-1.3797311099022998e-13
525,-1.6902286128e-06,-5.5830991488023e-13
526,-1.689115888e-06,-1.09121161370023e-12
527,-1.6879140509e-06,-2.6870466676023004e-13
528,-1.6868656418e-06,9.2648902583977e-13
529,-1.6857288795e-06,1.18478276949977e-12
530,-1.6845839816e-06,-6.419330286202301e-13
531,-1.6834630083e-06,-2.1218670749023e-13
532,-1.6823226963e-06,6.7709847950977e-13
533,-1.6811265634e-06,-4.8208929550023e-13
534,-1.6800480124e-06,-1.4510053733022998e-13
535,-1.6788798156e-06,1.1349151273997699e-12
536,-1.6777714716e-06,1.17737297249977e-12
537,-1.6766199564e-06,-3.8076445896023e-13
538,-1.6756048592e-06,6.637369893597699e-13
539,-1.6745199167e-06,8.2088481241977e-13
540,-1.6733286877e-06,-8.6533086373023e-13
541,-1.6721577414e-06,-7.0591190379023e-13
542,-1.6709857692e-06,6.7850303039977e-13
543,-1.6698974718e-06,7.5795752474977e-13
544,-1.6687055452e-06,-2.1843537669022997e-13
545,-1.6676550022e-06,2.7051507686976996e-13
546,-1.6664127229e-06,2.2684255092977002e-13
547,-1.6652805772e-06,1.01723469749977e-12
548,-1.6641915515e-06,9.1169133979977e-13
549,-1.6630510651e-06,1.37648936019977e-12
550,-1.6618831042e-06,-4.595190268922999e-14
551,-1.6608187624e-06,-1.34772471790023e-12
552,-1.6596743979e-06,-5.0095579749023e-13
553,-1.6585129209e-06,5.3806011281977e-13
554,-1.657431087e-06,4.3635431923976996e-13
555,-1.6562812851e-06,-3.2231980639023e-13
556,-1.6551008797e-06,2.6299817367976996e-13
557,-1.6540299822e-06,5.1755902517977e-13
558,-1.6528888597e-06,1.4668771999997699e-12
559,-1.6517820648e-06,-1.4368624953023e-13
560,-1.650620475e-06,5.1992631414977e-13
561,-1.6494908634e-06,1.36179634609977e-12
562,-1.6482444599e-06,5.9626864504977e-13
563,-1.6471958661e-06,-3.1057221093023003e-13
564,-1.6460482289e-06,-2.9567107011023e-13
565,-1.644862386e-06,9.9052753964977e-13
566,-1.6437768074e-06,-7.9038699814023e-13
567,-1.6425706819e-06,-6.7772351683023e-13
568,-1.6414724536e-06,-2.241289561822999e-14
569,-1.6403257911e-06,-1.022105312422999e-14
570,-1.6392922374e-06,9.197402075077001e-14
571,-1.6380528923e-06,-1.7895946379022997e-13
572,-1.6370390878e-06,1.44093317339977e-12
573,-1.6358017638e-06,7.1244106934977e-13
574,-1.6346572044e-06,-8.5190730070023e-13
575,-1.6334968559e-06,-1.76014905620023e-12
576,-1.632446241e-06,-5.2621458828023e-13
577,-1.6313072422e-06,1.0291782484997699e-12
578,-1.630204428e-06,-4.4515715327023004e-13
579,-1.6289929881e-06,-4.6823852505023e-13
580,-1.6279432556e-06,-7.3970023757023e-13
581,-1.6268282635e-06,-1.85136331720023e-12
582,-1.6256914191e-06,-5.4363759170023e-13
583,-1.624604158e-06,9.8957818982977e-13
584,-1.6235131215e-06,1.19120183479977e-12
585,-1.6223151726e-06,2.0241261555977e-13
586,-1.6211530083e-06,-5.7588384058023e-13
587,-1.62010661e-06,-3.5498474289023e-13
588,-1.6188878553e-06,1.34681365859977e-12
589,-1.6179292561e-06,1.9689688458997703e-12
590,-1.616651849e-06,1.9490058082977002e-13
591,-1.6154802255e-06,-9.8561835436023e-13
592,-1.6143370614e-06,1.3297984738977e-13
593,-1.6132652098e-06,1.08552946299977e-12
594,-1.6120663273e-06,1.1348044551977e-13
595,-1.6109236557e-06,-3.6155838183023004e-13
596,-1.6096948058e-06,6.9590899420977e-13
597,-1.6086090836e-06,1.16779549329977e-12
598,-1.6075281935e-06,3.7617657989770014e-14
599,-1.6063872967e-06,4.9420623671977e-13
600,-1.6051905995e-06,1.54072322769977e-12
601,-1.6040746738e-06,-4.2831349666023e-13
602,-1.6029818521e-06,-6.9707808200023e-13
603,-1.6018862194e-06,6.5739581940977e-13
604,-1.6007281998e-06,9.7485596492977e-13
605,-1.5994835711e-06,-1.7124782218022996e-13
606,-1.5983584121e-06,-1.0332939720002301e-12
607,-1.5971664342e-06,-8.7987538981023e-13
608,-1.5961430886e-06,4.5945159870770015e-14
609,-1.595037689e-06,9.2632228105977e-13
610,-1.5937551932e-06,-2.3840336790023e-13
611,-1.5926377184e-06,-1.24103483780023e-12
612,-1.5915709656e-06,-4.4082787467023003e-13
613,-1.590454527e-06,4.5512953759977e-13
614,-1.5894433694e-06,9.1194449974977e-13
615,-1.5882707919e-06,3.8909860628977e-13
616,-1.5871487106e-06,-4.0352572944023e-13
617,-1.5859266011e-06,6.782523898777001e-14
618,-1.5848817007e-06,5.9334270021977e-13
619,-1.5838283363e-06,7.4990143953977e-13
620,-1.5825560485e-06,3.0942718528001056e-16
621,-1.5814449243e-06,1.00580233479977e-12
622,-1.5802919009e-06,1.9112836731997703e-12
623,-1.5790665803e-06,-7.2389599730023e-13
624,-1.5779227391e-06,-1.84873069710023e-12
625,-1.5768197196e-06,-4.0377158671023004e-13
626,-1.5757382858e-06,-1.8083990671023e-13
627,-1.5746049091e-06,6.625697759297699e-13
628,-1.5734717991e-06,3.9191866209977e-13
629,-1.5723526315e-06,3.8160847962977e-13
630,-1.5711877176e-06,1.9745165419977002e-13
631,-1.5700551309e-06,6.960961499870011e-15
632,-1.5689964727e-06,1.8911563250977003e-13
633,-1.5678764331e-06,5.0537448536977e-13
634,-1.5668263209e-06,-8.542989319702301e-13
635,-1.5657164072e-06,-1.22680311030023e-12
636,-1.564627125e-06,5.9836451733977e-13
637,-1.5634222614e-06,8.8783223144977e-13
638,-1.5622396297e-06,3.7687877013976996e-13
639,-1.5612371618e-06,-1.00009593910023e-12
640,-1.5600507547e-06,-4.848046794002301e-13
641,-1.5588938944e-06,5.3795552611770014e-14
642,-1.557694499e-06,-9.2627181947023e-13
643,-1.5566124598e-06,-4.7878847920023e-13
644,-1.5553820916e-06,1.23924623839977e-12
645,-1.5543711905e-06,7.352377213677e-14
646,-1.553287951e-06,-9.490172674602301e-13
647,-1.5520571827e-06,-5.8040907472023e-13
648,-1.5507868134e-06,1.20048964059977e-12
649,-1.5497091139e-06,5.4136823180977e-13
650,-1.5486386268e-06,-6.9417526236023e-13
651,-1.5474467514e-06,-1.1978454214022996e-13
652,-1.5462697111e-06,2.1543574770977004e-13
653,-1.5451779769e-06,-4.563290532702301e-13
654,-1.5440608407e-06,-7.8610640415023e-13
655,-1.5428374487e-06,1.4683792052977003e-13
656,-1.5417579847e-06,1.17686543539977e-12
657,-1.5406032686e-06,5.7233650977977e-13
658,-1.5394136503e-06,-2.7604143691023004e-13
659,-1.5382831872e-06,9.432183588177e-14
660,-1.5371574434e-06,6.5419115520977e-13
661,-1.5360924655e-06,-2.3149137094023e-13
662,-1.5349378828e-06,-5.300217244802301e-13
663,-1.5338745259e-06,5.1357540727977e-13
664,-1.5325941743e-06,7.5885575572977e-13
665,-1.5316000369e-06,-7.9698011093023e-13
666,-1.5305171872e-06,1.538218124777001e-14
667,-1.5292838233e-06,3.2275852771977e-13
668,-1.5283211307e-06,-5.4406358200023e-13
669,-1.5270544753e-06,-3.6793971658023e-13
670,-1.526041194e-06,5.2520859391977e-13
671,-1.524906699e-06,5.8457825399977e-13
672,-1.5237638632e-06,-5.6146459216229986e-14
673,-1.5226412382e-06,-5.7001369419023e-13
674,-1.5215800255e-06,9.0938368946977e-13
675,-1.5204492033e-06,1.48415658389977e-12
676,-1.5192928047e-06,1.7150397622977003e-13
677,-1.5181235614e-06,1.30341376639977e-12
678,-1.516930137e-06,1.49124141119977e-12
679,-1.5158752542e-06,-2.4623185256023003e-13
680,-1.5147920558e-06,-2.3327201893002296e-12
681,-1.513648748e-06,-1.0847875948022999e-13
682,-1.5124127577e-06,7.484287302097699e-13
683,-1.5113553306e-06,3.3392555925977e-13
684,-1.5101974444e-06,3.7188007820977e-13
685,-1.5089921909e-06,-9.369324459023e-14
686,-1.507929706e-06,-3.9884957302023e-13
687,-1.5066616246e-06,-3.7346420226023004e-13
688,-1.505462065e-06,4.5272816939977e-13
689,-1.5044381141e-06,-5.7609926996023e-13
690,-1.503220016e-06,-5.4245212154023e-13
691,-1.5020910918e-06,-8.268761104502301e-13
692,-1.5009799778e-06,1.14399115509977e-12
693,-1.4997677275e-06,7.5083740109977e-13
694,-1.4986688631e-06,-1.6305176874023e-13
695,-1.4974791217e-06,9.0844042522977e-13
696,-1.4964309485e-06,1.4463907177997699e-12
697,-1.4952415559e-06,4.144791937777001e-14
698,-1.4941560594e-06,-1.6332561964022998e-13
699,-1.4931215106e-06,6.1972488828977e-13
700,-1.4920321976e-06,-1.3095157367022998e-13
701,-1.4909318354e-06,-9.8029712691023e-13
702,-1.4897425351e-06,-4.5276899145023e-13
703,-1.4884786087e-06,5.2972165690977e-13
704,-1.4873844225e-06,8.920045021897699e-13
705,-1.4861798872e-06,6.9439612007977e-13
706,-1.4851022288e-06,1.7375807349977004e-13
707,-1.4838474023e-06,-1.5042541613022997e-13
708,-1.4828014247e-06,-8.6738535411023e-13
709,-1.4817048378e-06,7.3245044246977e-13
710,-1.4805902151e-06,3.4749882744976997e-13
711,-1.4794528373e-06,-3.0574391512023e-13
712,-1.4783567326e-06,-5.2118790269023e-13
713,-1.477219324e-06,-1.29764651500023e-12
714,-1.4760744568e-06,5.712557967177e-14
715,-1.4748891372e-06,-9.4561543061023e-13
716,-1.4737363704e-06,-7.4196042041023e-13
717,-1.472598182e-06,4.1543819532977e-13
718,-1.4715067761e-06,-1.9027985184022997e-13
719,-1.4703201228e-06,-7.1747814909023e-13
720,-1.469219463e-06,-3.4717451495023e-13
721,-1.4680263463e-06,6.0559539846977e-13
722,-1.4669670828e-06,-6.7804483523023e-13
723,-1.4658464277e-06,1.9581828565977e-13
724,-1.4647997934e-06,2.8736360193977e-13
725,-1.4636772402e-06,-5.7111883475023e-13
726,-1.4624587728e-06,6.8648243734977e-13
727,-1.4613756974e-06,-8.6543796986023e-13
728,-1.4602524159e-06,-1.56672024750023e-12
729,-1.4591547826e-06,1.3956565748977e-13
730,-1.4580891891e-06,-6.6081170177023e-13
731,-1.4569524884e-06,-8.6410036031023e-13
732,-1.4557335182e-06,7.4177719588977e-13
733,-1.4546598814e-06,3.2391235288977e-13
734,-1.4535713071e-06,-7.2394711614023e-13
735,-1.4524217617e-06,-3.2983305824023004e-13
736,-1.45131786e-06,-3.7235662748023004e-13
737,-1.4502192008e-06,7.6236591582977e-13
738,-1.4490363947e-06,9.3339737144977e-13
739,-1.4479139544e-06,-2.1936646978022996e-13
740,-1.4469246183e-06,1.528237780577001e-14
741,-1.4457176721e-06,1.22203744729977e-12
742,-1.4445760674e-06,-4.060998428022999e-14
743,-1.4433747535e-06,-1.42799954790023e-12
744,-1.4422420437e-06,-9.5934570665023e-13
745,-1.4410686248e-06,1.26499552659977e-12
746,-1.4399417935e-06,1.59488485209977e-12
747,-1.4388437396e-06,2.6984201218977e-13
748,-1.4376894544e-06,-1.06995469760023e-12
749,-1.4364985332e-06,-6.1481083454023e-13
750,-1.4354214801e-06,5.804693584377001e-14
751,-1.4342992039e-06,-4.848350220822999e-14
752,-1.4331690384e-06,-4.713607053829989e-15
753,-1.4318705073e-06,-6.727819441123e-14
754,-1.430780035e-06,1.3493453432977003e-13
755,-1.4295766692e-06,-1.10890846810023e-12
756,-1.4284237383e-06,-9.0652899456023e-13
757,-1.4273131372e-06,3.5340913863977e-13
758,-1.4260589879e-06,6.6237138615977e-13
759,-1.4249601953e-06,3.8546916889976997e-13
760,-1.4238341334e-06,3.2976545965976997e-13
761,-1.4227162483e-06,1.46381737249977e-12
762,-1.4216254272e-06,1.4587200942997699e-12
763,-1.4205181706e-06,2.0166652396977002e-13
764,-1.419406995e-06,-1.6226794658022997e-13
765,-1.4182974609e-06,9.840524870297699e-13
766,-1.4172122517e-06,-9.4204684898023e-13
767,-1.4161230926e-06,-1.44581933090023e-12
768,-1.4148984695e-06,3.9572944963976997e-13
769,-1.413748206e-06,1.10258002919977e-12
770,-1.4127301747e-06,2.0856148131977e-13
771,-1.4114467761e-06,-5.082036330322999e-14
772,-1.4103329536e-06,-1.2049898873022998e-13
773,-1.4091233502e-06,6.2711034303977e-13
774,-1.4080239523e-06,-1.4463925069022997e-13
775,-1.4069256213e-06,-2.6274201962023e-13
776,-1.4056508303e-06,4.1389002484976997e-13
777,-1.4045453589e-06,1.1474259392977002e-13
778,-1.4034814992e-06,2.658207489177001e-14
779,-1.4023138359e-06,5.5944604318977e-13
780,-1.4012966356e-06,-7.181316547323e-14
781,-1.400163464e-06,-1.24902641590023e-12
782,-1.399080481e-06,-1.08487774650023e-12
783,-1.3980592488e-06,8.934870336477001e-14
784,-1.3969299861e-06,4.7872818331977e-13
785,-1.3957761728e-06,7.5775913497977e-13
786,-1.3947338885e-06,1.4029251013997699e-12
787,-1.3937331441e-06,7.4574985975977e-13
788,-1.3924955123e-06,9.4813298461977e-13
789,-1.3913298598e-06,-2.3743819558023e-13
790,-1.390166649e-06,-8.5857587462023e-13
791,-1.3890477686e-06,3.4138890937976997e-13
792,-1.3878254847e-06,5.904983872977e-14
793,-1.3867328272e-06,3.6151999401977e-13
794,-1.3856129415e-06,-1.36364458420023e-12
795,-1.3844621649e-06,-1.5321383547002301e-12
796,-1.3833164975e-06,2.5155242276976997e-13
797,-1.3821893277e-06,9.0730729101977e-13
798,-1.3811148497e-06,2.5499320730976997e-13
799,-1.3799030713e-06,-6.2470232939023e-13
800,-1.3786907287e-06,-5.4795956761023e-13
801,-1.3775520581e-06,5.3070630306977e-13
802,-1.3764316697e-06,7.620421631997699e-13
803,-1.3752937173e-06,3.6259957515977e-13
804,-1.3741510456e-06,-3.1904820086023003e-13
805,-1.3731268382e-06,4.2568630491977e-13
806,-1.3719103713e-06,3.9204280783976997e-13
807,-1.3707020401e-06,-2.7228541954023004e-13
808,-1.3696430536e-06,-1.12589087580023e-12
809,-1.3684324756e-06,-1.12205331170023e-12
810,-1.3673449169e-06,2.0764012514977e-13
811,-1.3661944379e-06,1.02855508549977e-12
812,-1.3650592043e-06,-3.0409472408023e-13
813,-1.3639869525e-06,-1.74918893430023e-12
814,-1.3629192661e-06,-2.5855514350023e-13
815,-1.3615759429e-06,1.30667806929977e-12
816,-1.3605646725e-06,5.2917638931977e-13
817,-1.3595179971e-06,-6.3363473751023e-13
818,-1.3583609214e-06,-4.8444319620023e-13
819,-1.3572124019e-06,1.57370583129977e-12
820,-1.3562382087e-06,-2.0562523969023e-13
821,-1.3550773575e-06,-1.24083279670023e-12
822,-1.3538509596e-06,1.6607199129977002e-13
823,-1.3527972362e-06,-2.0009093189229992e-14
824,-1.3515910594e-06,-6.7572379663023e-13
825,-1.3504625353e-06,7.396764551397699e-13
826,-1.3492635298e-06,6.795351440497699e-13
827,-1.3481284602e-06,-6.348871490002301e-13
828,-1.3470851705e-06,-3.8701434527023e-13
829,-1.3459125211e-06,3.8231684064977e-13
830,-1.3447723938e-06,-6.8377136203023e-13
831,-1.343607839e-06,-1.40587361150023e-12
832,-1.3425564444e-06,1.46204890419977e-12
833,-1.3414209235e-06,2.4186175191976997e-13
834,-1.3403166422e-06,-2.0047831165002297e-12
835,-1.3391765251e-06,-5.7531423069023e-13
836,-1.3381124705e-06,1.92849976699977e-12
837,-1.3368509345e-06,-6.2679820169023e-13
838,-1.335851175e-06,-1.32119647610023e-12
839,-1.3346789873e-06,8.1166151378977e-13
840,-1.3336447155e-06,-4.426863243122999e-14
841,-1.3324466128e-06,-1.08817247720023e-12
842,-1.33115118e-06,-6.9119211312023e-13
843,-1.3300604204e-06,3.2375543022770013e-14
844,-1.3288083743e-06,1.6159057330977001e-13
845,-1.3276292923e-06,-7.571888800123e-14
846,-1.326467764e-06,-3.8006574966229987e-14
847,-1.3253663451e-06,-3.8977841378023004e-13
848,-1.3241587422e-06,1.1783406641977e-13
849,-1.3229532118e-06,-3.943911950222999e-14
850,-1.3218146951e-06,-5.6782166980023e-13
851,-1.320623261e-06,-1.62195293320023e-12
852,-1.3195713226e-06,1.82798187779977e-12
853,-1.3184909763e-06,3.5530296981976996e-13
854,-1.317376056e-06,-9.7968248376023e-13
855,-1.3162675479e-06,-1.18762295640023e-12
856,-1.3153493191e-06,-1.05638873210023e-12
857,-1.3141530733e-06,-2.4279471937023003e-13
858,-1.3128613134e-06,-2.118604354322999e-14
859,-1.3118488734e-06,-5.5594506013023e-13
860,-1.3106944959e-06,4.098906696477001e-14
861,-1.3096726071e-06,-5.5214279239023e-13
862,-1.3085220255e-06,-6.028952771902301e-13
863,-1.3074013498e-06,1.3834002252977e-13
864,-1.3063625023e-06,-6.1060691880023e-13
865,-1.3051877908e-06,-1.75292791200023e-12
866,-1.304006893e-06,6.6245901844977e-13
867,-1.3028733111e-06,1.1981796411977001e-13
868,-1.3015592781e-06,5.2899747338977e-13
869,-1.3004254192e-06,6.826339192297699e-13
870,-1.2993274884e-06,1.757785698477001e-14
871,-1.2981381471e-06,-1.04800402580023e-12
872,-1.2970504141e-06,2.803409326977001e-14
873,-1.2959867288e-06,1.29968452559977e-12
874,-1.2948367012e-06,9.7662199901977e-13
875,-1.2938001929e-06,5.4566071699700105e-15
876,-1.2926665802e-06,-2.8807262020023e-13
877,-1.2915399233e-06,-5.265590318602301e-13
878,-1.2904670252e-06,-8.6744499275023e-13
879,-1.2893209885e-06,7.1987399158977e-13
880,-1.2881251429e-06,5.8527079251977e-13
881,-1.2870612935e-06,-1.81265053550023e-12
882,-1.2858288221e-06,-6.8080160105023e-13
883,-1.2846912698e-06,1.1525669484997699e-12
884,-1.2835688603e-06,9.5003655271977e-13
885,-1.2824881241e-06,-5.3444106960023e-13
886,-1.2810728215e-06,-5.521293189322999e-14
887,-1.2800107059e-06,-7.030090841502301e-13
888,-1.2788554461e-06,-8.423374042029989e-15
889,-1.2776825197e-06,-4.8888810074023e-13
890,-1.2766440929e-06,-4.0098682723023e-13
891,-1.2755124192e-06,4.556297719297699e-13
892,-1.2744703606e-06,-9.225145849902301e-13
893,-1.2733894705e-06,-2.2238419361002297e-12
894,-1.2723485609e-06,-5.8955812933023e-13
895,-1.2712305629e-06,-1.6713640719023e-13
896,-1.2700962526e-06,-6.5363802506023e-13
897,-1.268967472e-06,-2.8472433641023004e-13
898,-1.2678710698e-06,8.9090179585977e-13
899,-1.2666275081e-06,-5.0486152002023e-13
900,-1.2655829873e-06,-4.997824984802301e-13
901,-1.2644254088e-06,-4.4810987464023e-13
902,-1.263283958e-06,-6.7822983673023e-13
903,-1.2621042605e-06,-1.0453652349022999e-13
904,-1.2609945725e-06,3.3268897025977e-13
905,-1.2597345857e-06,8.798675150777001e-14
906,-1.2586540752e-06,-1.36924209670023e-12
907,-1.2575636234e-06,-6.5062323082023e-13
908,-1.2564619274e-06,4.9363419259977e-13
909,-1.2552620293e-06,-8.745760704302301e-13
910,-1.2541415588e-06,-1.11677103200023e-12
911,-1.2530527588e-06,2.4406351322977e-13
912,-1.2518220725e-06,1.3801261854977002e-13
913,-1.2506891574e-06,-9.032183561523e-14
914,-1.2495273316e-06,2.8199368987977e-13
915,-1.2483343278e-06,-7.8644232793023e-13
916,-1.2471202821e-06,-2.9454280436023004e-13
917,-1.2461057184e-06,5.5280059444977e-13
918,-1.2448669991e-06,-9.6701840058023e-13
919,-1.2437278053e-06,-1.00795850300023e-12
920,-1.2426787191e-06,4.907021621997699e-13
921,-1.2416009273e-06,1.19940762519977e-12
922,-1.2404078927e-06,-9.6896578483023e-13
923,-1.2392783837e-06,-2.2553238367002298e-12
924,-1.2381326753e-06,-1.35081375620023e-12
925,-1.2371523367e-06,2.5302026364976996e-13
926,-1.2361018244e-06,-2.2549586169023e-13
927,-1.2348078177e-06,-1.07353423330023e-12
928,-1.2337755464e-06,-2.8517710325023e-13
929,-1.2326492486e-06,8.0411539982977e-13
930,-1.2314495249e-06,1.5775309442770008e-14
931,-1.2304110571e-06,-6.0642977959023e-13
932,-1.2292216645e-06,7.0817264649977e-13
933,-1.2281660328e-06,4.2534186132977e-13
934,-1.2270304196e-06,-1.9786856482022998e-13
935,-1.2258635257e-06,-8.8159273929023e-13
936,-1.2247281792e-06,-3.9721498737023e-13
937,-1.2235416387e-06,-3.6714007193023004e-13
938,-1.2224481707e-06,1.145576776177001e-14
939,-1.2212339096e-06,1.2925547501977e-13
940,-1.22025393e-06,-4.5443643921023004e-13
941,-1.2191972109e-06,8.0016951249977e-13
942,-1.2179912905e-06,-7.3650652741023e-13
943,-1.2168821976e-06,-9.7793714063023e-13
944,-1.2157477847e-06,-9.478634422902301e-13
945,-1.2145276963e-06,1.11816762289977e-12
946,-1.2134569937e-06,8.224927067377001e-14
947,-1.2122691195e-06,-1.20728545170023e-12
948,-1.211043173e-06,-8.2424470749023e-13
949,-1.2100125433e-06,-7.4514195942023e-13
950,-1.2088711027e-06,-4.7958925577229987e-14
951,-1.2077496781e-06,8.1284820105977e-13
952,-1.2066515728e-06,-1.00150049000023e-12
953,-1.2054807702e-06,-1.90292883490023e-12
954,-1.2043206371e-06,-5.291064538802301e-13
955,-1.2031963296e-06,-1.0633907104022999e-13
956,-1.2020775622e-06,-3.3203725378023004e-13
957,-1.2008540061e-06,-4.4422484307023e-13
958,-1.1998107882e-06,5.2263317824977e-13
959,-1.1987447125e-06,6.178226224977001e-14
960,-1.1976331881e-06,-7.849877901223e-14
961,-1.1964766767e-06,4.3933260001977e-13
962,-1.1953325071e-06,-2.8422775343023e-13
963,-1.1943322552e-06,-1.20083595850023e-12
964,-1.1931315056e-06,-5.0576705370023e-13
965,-1.1920421823e-06,1.1799107427977004e-13
966,-1.1908486963e-06,-7.8163472307023e-13
967,-1.1897387724e-06,-3.2249263675023e-13
968,-1.1885187352e-06,3.490470831177001e-14
969,-1.1874047794e-06,-6.3080129343023e-13
970,-1.1862268772e-06,-5.7575239214023e-13
971,-1.1850580649e-06,4.0740036684976996e-13
972,-1.1838604341e-06,2.7650693476977e-13
973,-1.1826580225e-06,-1.74245707030023e-12
974,-1.1815116882e-06,-1.55124706260023e-12
975,-1.180397045e-06,-4.2390145423023e-13
976,-1.1792375583e-06,-6.3304078531023e-13
977,-1.1781137843e-06,-4.8448822946023e-13
978,-1.1769730414e-06,5.899408633597699e-13
979,-1.1759121877e-06,-1.9579094925023e-13
980,-1.1748521343e-06,-4.1460756292023e-13
981,-1.1737779435e-06,8.9231730078977e-13
982,-1.1724861528e-06,-3.4725362743023e-13
983,-1.1714753953e-06,-5.4323716082023e-13
984,-1.1703806859e-06,-4.5968342263023e-13
985,-1.1693224073e-06,-5.2353084936023e-13
986,-1.1681245714e-06,-1.38878653190023e-12
987,-1.1669524555e-06,-1.07570921800023e-12
988,-1.1658483178e-06,6.4073716429977e-13
989,-1.1646914575e-06,-3.768403945022999e-14
990,-1.1636209703e-06,-2.1376652296022998e-13
991,-1.1623992917e-06,6.8709586338977e-13
992,-1.161286926e-06,1.1761863703977e-13
993,-1.1601624544e-06,-5.6488598805023e-13
994,-1.1589025599e-06,-1.46980136790023e-12
995,-1.1578990455e-06,-6.800701148502301e-13
996,-1.1566840354e-06,8.6358608046977e-13
997,-1.1556148717e-06,-4.8856556523023e-13
998,-1.1545776555e-06,-8.9465116778023e-13
999,-1.1533536788e-06,-2.4495631588023004e-13
1000,-1.1521907655e-06,-6.471629724402301e-13
1001,-1.1511200834e-06,-1.50079277100023e-12
1002,-1.1499419658e-06,-1.63517810650023e-12
1003,-1.1489174301e-06,-8.3755629592023e-13
1004,-1.1477854589e-06,-7.377872125029989e-15
1005,-1.1467252311e-06,-8.6245482062023e-13
1006,-1.1455745674e-06,-1.19930361050023e-12
1007,-1.1444345837e-06,-7.7408860912023e-13
1008,-1.1433829018e-06,-8.8614353285023e-13
1009,-1.1423432542e-06,-1.66176720410023e-12
1010,-1.1410949116e-06,-1.11245635880023e-12
1011,-1.1398826305e-06,-1.67067283570023e-12
1012,-1.1388631219e-06,-1.2711353127002301e-12
1013,-1.1377875974e-06,-8.7634088741023e-13
1014,-1.1366689428e-06,2.2150550097977e-13
1015,-1.1354250938e-06,-5.7218259340023e-13
1016,-1.1343752586e-06,-1.74149554940023e-12
1017,-1.1333124352e-06,-1.58427469940023e-12
1018,-1.1320573522e-06,-1.29753332320023e-12
1019,-1.1309205899e-06,6.082791373797699e-13
1020,-1.1298852614e-06,-1.3438262129022999e-13
1021,-1.1286859071e-06,-1.79173806290023e-12
1022,-1.1275415837e-06,-9.8846396959023e-13
1023,-1.1264366765e-06,1.4018882044977003e-13
1024,-1.1252613905e-06,-3.9624121005229986e-14
1025,-1.1241351748e-06,-6.844127817202301e-13
1026,-1.1229063967e-06,-9.344423135002301e-13
1027,-1.1218192279e-06,-3.7914447869023e-13
1028,-1.1207101965e-06,-3.2050265347023003e-13
1029,-1.1195653089e-06,-1.04194157520023e-12
1030,-1.1184812589e-06,-3.1693650607023e-13
1031,-1.1172497519e-06,9.1541327793977e-13
1032,-1.1160745582e-06,-2.1322003825023e-13
1033,-1.1149609101e-06,-2.02117522340023e-12
1034,-1.1138677293e-06,-2.05747081440023e-12
1035,-1.1127175684e-06,-1.5795205624022996e-13
1036,-1.1116449473e-06,4.3661851842770014e-14
1037,-1.1105268159e-06,-1.03302133820023e-12
1038,-1.1094828798e-06,1.7758711776977003e-13
1039,-1.1084877473e-06,-4.9072107617023e-13
1040,-1.1073260959e-06,-1.34291833020023e-12
1041,-1.1061944017e-06,-9.1572673378023e-13
1042,-1.1050128986e-06,-1.8505989689002296e-12
1043,-1.1038675697e-06,-2.05190372970023e-12
1044,-1.1028321181e-06,1.4698032299977003e-13
1045,-1.1015391476e-06,1.44010310089977e-12
1046,-1.100447239e-06,-7.5849858112023e-13
1047,-1.0993569205e-06,-2.5956645300002297e-12
1048,-1.098192017e-06,-2.21373379480023e-12
1049,-1.0970911828e-06,-1.21612657620023e-12
1050,-1.0960266665e-06,1.49597964049977e-12
1051,-1.094906791e-06,7.931480603777e-14
1052,-1.0937724089e-06,-1.02167417370023e-12
1053,-1.0926410635e-06,-3.7107987368023e-13
1054,-1.0913951421e-06,-6.9818078833023e-13
1055,-1.0903408134e-06,-3.684788134022999e-14
1056,-1.0892323771e-06,-5.2628152961023e-13
1057,-1.0880697408e-06,-7.8700098378023e-13
1058,-1.0868149861e-06,1.8818332229977003e-13
1059,-1.0855942719e-06,6.146081361797699e-13
1060,-1.0844642808e-06,-5.2748647361023e-13
1061,-1.0833890128e-06,-9.572582689722999e-14
1062,-1.0822067504e-06,1.02954338299977e-12
1063,-1.0809755819e-06,-2.3653753037023e-13
1064,-1.0799553654e-06,-4.5300267755023e-13
1065,-1.0788065689e-06,1.851260142277001e-14
1066,-1.0776470104e-06,-4.2072478368023e-13
1067,-1.0765629707e-06,4.1119046343976997e-13
1068,-1.0753425643e-06,4.9512881000977e-13
1069,-1.074189305e-06,2.8863183592976997e-13
1070,-1.0731469899e-06,3.2009547976976997e-13
1071,-1.0720627655e-06,-3.8585443453023e-13
1072,-1.070784117e-06,-7.7789817955023e-13
1073,-1.0697172308e-06,-1.8553918831023e-13
1074,-1.0685322805e-06,1.3366264898977e-13
1075,-1.0674584694e-06,1.0231145807997699e-12
1076,-1.0663311764e-06,-2.9073323393023004e-13
1077,-1.0652083668e-06,-5.4234866675023e-13
1078,-1.0640592215e-06,-2.2875164473023003e-13
1079,-1.0630006967e-06,-5.781512409122999e-14
1080,-1.0619061309e-06,-1.4637182263002301e-12
1081,-1.060843923e-06,-1.05458740170023e-12
1082,-1.0596372948e-06,-5.6673965443023e-13
1083,-1.0585555327e-06,1.6415746916977e-13
1084,-1.0573961588e-06,-8.8299850730023e-13
1085,-1.0562253972e-06,-2.4903086080002297e-12
1086,-1.0551030595e-06,-8.8123247321023e-13
1087,-1.0539852974e-06,8.1010238926977e-13
1088,-1.0529060898e-06,-3.4328461492023e-13
1089,-1.0517779967e-06,-1.49640385380023e-12
1090,-1.0507240372e-06,-8.923130043722999e-14
1091,-1.049720728e-06,4.666896973297699e-13
1092,-1.0486064234e-06,8.3447390310977e-13
1093,-1.0474219142e-06,-9.2653228211023e-13
1094,-1.0462634227e-06,-1.09967664960023e-12
1095,-1.0451287738e-06,1.27743079209977e-12
1096,-1.044024513e-06,-4.5928299175023e-13
1097,-1.0427377494e-06,-1.9283555876002298e-12
1098,-1.0415967807e-06,-4.1016509261023004e-13
1099,-1.0404409464e-06,1.73051407919977e-12
1100,-1.0393458061e-06,8.465429021677001e-14
1101,-1.0380963658e-06,-2.8035489301023003e-13
1102,-1.0369487491e-06,2.1516433102977002e-13
1103,-1.0358798111e-06,4.5421913546976997e-13
1104,-1.0348247437e-06,-9.3181212765023e-13
1105,-1.0337037192e-06,-4.2925676091023003e-13
1106,-1.0325711529e-06,1.07129286699977e-12
1107,-1.031389301e-06,1.6464431522977e-13
1108,-1.0302642651e-06,-6.8024416231023e-13
1109,-1.0291235222e-06,1.7863505391977002e-13
1110,-1.0280353274e-06,6.943921887670011e-15
1111,-1.0269207355e-06,-1.4213686194023e-13
1112,-1.0257434489e-06,-1.41254461970023e-12
1113,-1.0247020982e-06,-2.1780734527022997e-13
1114,-1.0236388233e-06,1.24579796929977e-12
1115,-1.0224426391e-06,-8.3268783531023e-13
1116,-1.0213761428e-06,-1.05114418290023e-12
1117,-1.020173013e-06,5.134063134677001e-14
1118,-1.0189763364e-06,4.1742087590977e-13
1119,-1.017910825e-06,-9.2407857796023e-13
1120,-1.0168396402e-06,-7.7793712724023e-13
1121,-1.0156943729e-06,1.54518030339977e-12
1122,-1.0146122004e-06,4.2357704435977e-13
1123,-1.0134236491e-06,-1.7294850570002301e-12
1124,-1.0122406789e-06,-1.72490505270023e-12
1125,-1.0110659468e-06,1.53801271229977e-12
1126,-1.0098404313e-06,6.6571480147977e-13
1127,-1.0086952871e-06,-7.473254640102301e-13
1128,-1.0075386217e-06,-4.5505136231299894e-15
1129,-1.0063630177e-06,5.5050998372977e-13
1130,-1.0052926229e-06,-3.0393649911023004e-13
1131,-1.0041194503e-06,-7.763536604202301e-13
1132,-1.0030572526e-06,-5.9757404973023e-13
1133,-1.0018381081e-06,-1.3741263799002301e-12
1134,-1.0007756437e-06,-2.10557242240023e-12
1135,-9.9961098632e-07,-6.277658082302301e-13
1136,-9.9855340537e-07,-2.1333931554022998e-13
1137,-9.9741156471e-07,-1.57574272220023e-12
1138,-9.9628870377e-07,-1.03848861950023e-12
1139,-9.9510497434e-07,-3.3855247120023e-13
1140,-9.9396351328e-07,4.2191203082976996e-13
1141,-9.9293564329e-07,8.101060406197699e-13
1142,-9.9179368978e-07,-2.5239897505023e-13
1143,-9.9058072132e-07,-2.352047040722999e-14
1144,-9.8954724975e-07,8.791250748277001e-14
1145,-9.8848031231e-07,-1.20117796790023e-12
1146,-9.8733179284e-07,2.6705603559977e-13
1147,-9.8617337313e-07,-3.5347430298023003e-13
1148,-9.8511130886e-07,-1.70903143690023e-12
1149,-9.8394385071e-07,-1.76842543930023e-12
1150,-9.8286605892e-07,3.5664788205976997e-13
1151,-9.8172804498e-07,-2.0322387150022996e-13
1152,-9.8065183312e-07,-8.257624500802301e-13
1153,-9.7946427698e-07,-4.2485202117023e-13
1154,-9.7839506197e-07,-3.8383889183023e-13
1155,-9.7726923609e-07,-5.5634183967023e-13
1156,-9.762345847e-07,-1.11647283880023e-12
1157,-9.7501318309e-07,-5.7798092999023e-13
1158,-9.7394783585e-07,3.8214644452977e-13
1159,-9.7278252188e-07,-4.6708956834023e-13
1160,-9.7163356126e-07,-2.7784155022023e-13
1161,-9.7040167464e-07,1.00067949709977e-12
1162,-9.6934539662e-07,1.9655585743977002e-13
1163,-9.6830080396e-07,-1.76645979830023e-12
1164,-9.6709312931e-07,1.13930769599977e-12
1165,-9.6603131126e-07,1.4952250290997699e-12
1166,-9.6490009925e-07,-1.00919996050023e-12
1167,-9.6372135585e-07,-8.5087031859023e-13
1168,-9.6256833254e-07,1.56974777279977e-12
1169,-9.6138762961e-07,7.661889597277e-14
1170,-9.6030145597e-07,-1.30151937540023e-12
1171,-9.5919437385e-07,-7.774466298302301e-13
1172,-9.5802263756e-07,-4.2623101264023e-13
1173,-9.569425682e-07,2.9611474508770015e-14
1174,-9.5582449836e-07,-1.21123620750023e-12
1175,-9.5465388034e-07,1.4421138602977e-13
1176,-9.535288752e-07,-1.9389581576229992e-14
1177,-9.5254836219e-07,-8.801066416902301e-13
1178,-9.5130012223e-07,6.552512625097699e-13
1179,-9.5013980455e-07,1.08349688069977e-12
1180,-9.4895834243e-07,-8.7442027969023e-13
1181,-9.4779445452e-07,7.993553476677e-14
1182,-9.4670374626e-07,4.9973680797977e-13
1183,-9.4554453658e-07,3.7182165667977e-13
1184,-9.4444056303e-07,1.17482920179977e-12
1185,-9.43268006e-07,1.32094996159977e-12
1186,-9.4222199755e-07,2.2301837510977002e-13
1187,-9.4117504525e-07,2.4069949214770008e-14
1188,-9.3992098826e-07,-2.0491177531002297e-12
1189,-9.3886768544e-07,-1.37556866130023e-12
1190,-9.3774053611e-07,-1.5383212145022996e-13
1191,-9.3657049261e-07,-7.9283583383023e-13
1192,-9.3542781068e-07,5.0995692392977e-13
1193,-9.3432581718e-07,1.63669519179977e-12
1194,-9.3318812128e-07,1.4924659141977e-13
1195,-9.3207088245e-07,-1.25645812100023e-12
1196,-9.3087032775e-07,1.1119348613977e-13
1197,-9.2984718731e-07,-9.057134422122999e-14
1198,-9.2873350845e-07,-1.01967932190023e-12
1199,-9.2755294916e-07,1.6942879489977002e-13
1200,-9.2634926538e-07,-4.7404903279023e-13
1201,-9.2518321274e-07,-3.1007075949023003e-13
1202,-9.2399468196e-07,9.5537725400977e-13
1203,-9.2286367513e-07,-8.345561070702301e-13
1204,-9.217178949e-07,-2.2197597319002297e-12
1205,-9.2057543868e-07,4.9598931041977e-13
1206,-9.1941878358e-07,3.04220273159977e-12
1207,-9.1829342963e-07,1.82365746769977e-12
1208,-9.1717778098e-07,-1.18173820460023e-12
1209,-9.1598553633e-07,-9.4252152389023e-13
1210,-9.1481697017e-07,-3.8776652244023e-13
1211,-9.1378507853e-07,6.265006535477001e-14
1212,-9.1263136785e-07,-2.2351318111023e-13
1213,-9.1141462397e-07,-2.1232545861023e-13
1214,-9.1048912137e-07,-4.2665943717023004e-13
1215,-9.0932664924e-07,-4.623160427102301e-13
1216,-9.0829422412e-07,-7.6196249084023e-13
1217,-9.0718718304e-07,-1.12682318600023e-12
1218,-9.0590926289e-07,-8.445851359302301e-13
1219,-9.0490093689e-07,-5.5780481209023e-13
1220,-9.0387679103e-07,-3.0190391681023e-13
1221,-9.0279378751e-07,6.599226356577e-14
1222,-9.0170859876e-07,4.671132533997699e-13
1223,-9.0041543328e-07,-5.6972036944023e-13
1224,-8.993109365e-07,-3.0304922217023003e-13
1225,-8.9814416572e-07,-1.39314745550023e-12
1226,-8.969924556e-07,-2.12937310920023e-12
1227,-8.9579991343e-07,-1.39709090860023e-12
1228,-8.9458465715e-07,-7.5638810344023e-13
1229,-8.9361432137e-07,5.3984205460770014e-14
1230,-8.9238715403e-07,2.9031023772977e-13
1231,-8.9125307967e-07,-3.3695318189023003e-13
1232,-8.9017500062e-07,1.4378296149977003e-13
1233,-8.89042578e-07,1.8135774051977e-13
1234,-8.8789366868e-07,1.03392134619977e-12
1235,-8.8679327563e-07,5.4151793697977e-13
1236,-8.8569389825e-07,-2.2571129107022996e-13
1237,-8.8461208481e-07,5.596810316077001e-14
1238,-8.8349930878e-07,1.1898424023977e-13
1239,-8.8233984262e-07,2.8168697685976996e-13
1240,-8.8118680905e-07,7.0518706302977e-13
1241,-8.8010126123e-07,-3.3477454576023003e-13
1242,-8.7902953269e-07,6.7694634011977e-13
1243,-8.7794042488e-07,-5.6327087624023e-13
1244,-8.7667810914e-07,-1.3484512505023e-13
1245,-8.7561611669e-07,5.178609549277001e-14
1246,-8.7452810663e-07,-4.5732952193023e-13
1247,-8.732740599e-07,-9.177020264722999e-14
1248,-8.7215386638e-07,2.1620253024977004e-13
1249,-8.7104936961e-07,1.02300382329977e-12
1250,-8.6991609547e-07,4.074929527977001e-14
1251,-8.686016214e-07,-1.77820739380023e-12
1252,-8.6754436875e-07,-9.0962898686023e-13
1253,-8.6635162139e-07,-1.6576958687022997e-13
1254,-8.6520872402e-07,7.115136275997699e-13
1255,-8.6405377197e-07,-4.9138440392023e-13
1256,-8.6309084341e-07,-1.9909419978022998e-13
1257,-8.6193440375e-07,6.1462395867977e-13
1258,-8.6076519125e-07,-9.8787123451023e-13
1259,-8.5956370296e-07,-9.1494291162023e-13
1260,-8.5844172433e-07,-6.9541550270023e-13
1261,-8.5735906962e-07,1.3382461050770011e-14
1262,-8.5619074968e-07,5.7785125853977e-13
1263,-8.5503836245e-07,-5.2601254716023e-13
1264,-8.5398255636e-07,-6.9483493878023e-13
1265,-8.5289606468e-07,-8.4253551401023e-13
1266,-8.5177064917e-07,-8.6178662440023e-13
1267,-8.5061925709e-07,-2.7495698731023e-13
1268,-8.4945404573e-07,-4.3302860077023003e-13
1269,-8.4835554039e-07,-9.338774868723e-14
1270,-8.4736170053e-07,5.5090563134770015e-14
1271,-8.4615742171e-07,-1.8724436664022997e-13
1272,-8.450855598e-07,-2.9656078128023e-13
1273,-8.4406636919e-07,3.4418462288976996e-13
1274,-8.4278301161e-07,3.5001582158977e-13
1275,-8.416089875e-07,-2.10830241170023e-12
1276,-8.4049626276e-07,-7.5193467909023e-13
1277,-8.3936975976e-07,6.5438467651977e-13
1278,-8.3814596774e-07,-1.02948075030023e-12
1279,-8.370905002e-07,-9.3501070627023e-13
1280,-8.359597396e-07,2.9284548858977e-13
1281,-8.3472630382e-07,5.2295206241977e-13
1282,-8.3362144797e-07,-1.51890953010023e-12
1283,-8.3261402479e-07,1.9669947702977002e-13
1284,-8.3140339545e-07,1.2054798126997699e-12
1285,-8.3021139703e-07,1.1641977860977004e-13
1286,-8.2913752429e-07,7.2205993040977e-13
1287,-8.2797488801e-07,9.7941040982977e-13
1288,-8.2694957259e-07,-6.8357053803023e-13
1289,-8.2589997338e-07,-9.5726322263023e-13
1290,-8.2463979159e-07,-8.3635378615023e-13
1291,-8.2341502492e-07,-5.3772484628023e-13
1292,-8.2245735939e-07,1.20848121869977e-12
1293,-8.213061212e-07,9.9274268922977e-13
1294,-8.2009310145e-07,-5.4505674797023e-13
1295,-8.1912739262e-07,-1.42640269280023e-12
1296,-8.1798407462e-07,-6.1333812520023e-13
1297,-8.169061905e-07,7.606389146277001e-14
1298,-8.1573053515e-07,1.5285655496977003e-13
1299,-8.1460546846e-07,-5.3154190130023e-13
1300,-8.1347946817e-07,-4.9435781625023e-13
1301,-8.1228845464e-07,-1.4120443854002301e-12
1302,-8.1118274727e-07,-1.11540421170023e-12
1303,-8.1005492083e-07,-2.0333584609022996e-13
1304,-8.089506908e-07,-7.651723034629989e-15
1305,-8.0789790094e-07,1.24965622429977e-12
1306,-8.067302889e-07,1.00446229099977e-12
1307,-8.0560777677e-07,-1.79840176840023e-12
1308,-8.0442557599e-07,-1.23754658580023e-12
1309,-8.0324759178e-07,7.8087336885977e-13
1310,-8.0215061508e-07,-2.7751901470023e-13
1311,-8.0110401159e-07,-1.70855067640023e-12
1312,-7.9990899693e-07,-1.23671773040023e-12
1313,-7.9867647423e-07,-5.0917862747023e-13
1314,-7.9761662597e-07,5.7523324384977e-13
1315,-7.9650770744e-07,3.9441983373977e-13
1316,-7.952976834e-07,-7.8992206015023e-13
1317,-7.9426844893e-07,-1.71834845340023e-12
1318,-7.9313070173e-07,9.7110359890977e-13
1319,-7.9205633655e-07,2.05659626849977e-12
1320,-7.9094853628e-07,8.4856444523977e-13
1321,-7.8982911221e-07,-8.0327137916023e-13
1322,-7.8880462779e-07,-2.2651666469002297e-12
1323,-7.8771792066e-07,-9.8800390006023e-13
1324,-7.8647928342e-07,-5.7851767777023e-13
1325,-7.8539373559e-07,3.5586527701977e-13
1326,-7.8426924342e-07,6.8536269140977e-13
1327,-7.8307875311e-07,9.986336117677001e-14
1328,-7.8195365564e-07,-7.8370260172023e-13
1329,-7.8068231172e-07,-6.6936923842023e-13
1330,-7.7965339528e-07,2.15739896259977e-12
1331,-7.7841928238e-07,1.55878643369977e-12
1332,-7.7726253495e-07,-8.939513265602301e-13
1333,-7.7616658418e-07,-6.3666413712023e-13
1334,-7.7507802011e-07,-4.0638595006023003e-13
1335,-7.7392820797e-07,-1.21531110900023e-12
1336,-7.7277032175e-07,-2.9605446138023003e-13
1337,-7.7158082659e-07,3.4695721120977e-13
1338,-7.7039167e-07,-1.49519525840023e-12
1339,-7.692179434e-07,-1.1052838140023e-13
1340,-7.6805036213e-07,7.7952358814977e-13
1341,-7.6695768408e-07,8.7157887567977e-13
1342,-7.6586836083e-07,-6.479162815222999e-14
1343,-7.6481827943e-07,-1.5892331413023e-13
1344,-7.6365745905e-07,-1.19439255090023e-12
1345,-7.6265210825e-07,9.611586361877e-14
1346,-7.6153112476e-07,6.5237887073977e-13
1347,-7.6041354737e-07,-9.8189641622023e-13
1348,-7.5935944433e-07,-8.3815755081023e-13
1349,-7.5806809474e-07,-5.799647424923e-14
1350,-7.5698143891e-07,-4.0568732596023e-13
1351,-7.5592289359e-07,6.0843614523977e-13
1352,-7.5476256565e-07,1.03372539069977e-12
1353,-7.5373467514e-07,-3.0537269499023003e-13
1354,-7.5259232152e-07,-5.1240519974023e-13
1355,-7.5140085657e-07,9.4500865001977e-13
1356,-7.503198844e-07,1.27942807809977e-12
1357,-7.4924633996e-07,-2.0728295053022998e-13
1358,-7.4808215452e-07,-1.51188069010023e-12
1359,-7.4698125877e-07,3.7811779336977e-13
1360,-7.4580889666e-07,1.31703571919977e-12
1361,-7.4464071009e-07,-4.9709997669023e-13
1362,-7.4353573113e-07,-7.659764514222999e-14
1363,-7.4232962615e-07,4.4178508705977e-13
1364,-7.4129504658e-07,6.9802190611977e-13
1365,-7.4012454141e-07,-1.2407000459023e-13
1366,-7.3905211523e-07,-5.6369191289229986e-14
1367,-7.378185666e-07,3.6173298916976996e-13
1368,-7.3671916871e-07,1.04410373159977e-12
1369,-7.3561081443e-07,5.178852972377001e-14
1370,-7.3448433196e-07,-9.866150864722999e-14
1371,-7.3332151101e-07,1.595787671577001e-14
1372,-7.3222858674e-07,-1.83924571870023e-12
1373,-7.3108921857e-07,-9.5757723834023e-13
1374,-7.3004367179e-07,-8.770894132302301e-13
1375,-7.289554668e-07,-4.4187702794023003e-13
1376,-7.2777967809e-07,-4.579732906422999e-14
1377,-7.2669883928e-07,-1.7844827543022997e-13
1378,-7.2550642022e-07,7.157053721897699e-13
1379,-7.243596038e-07,5.1349386055977e-13
1380,-7.2330698835e-07,-4.0000339819023e-13
1381,-7.221389249e-07,-4.5641538325229986e-14
1382,-7.2106505216e-07,7.3453901207977e-13
1383,-7.1986132735e-07,-6.096249868329989e-15
1384,-7.1877207591e-07,-2.9208179752023004e-13
1385,-7.1760308911e-07,-2.5199854416023004e-13
1386,-7.1668131065e-07,-1.5530361367022996e-13
1387,-7.1538142532e-07,3.4349451858976997e-13
1388,-7.1419185835e-07,-5.0779111620023e-13
1389,-7.1309786711e-07,-8.7008978398023e-13
1390,-7.1192777231e-07,1.13072946839977e-12
1391,-7.107366254e-07,1.3356502783997699e-12
1392,-7.0967897264e-07,4.422781038877001e-14
1393,-7.0850169632e-07,-1.7522778873022996e-13
1394,-7.0732594864e-07,6.164033810297699e-13
1395,-7.0616546682e-07,-2.0466250161022999e-13
1396,-7.0502297982e-07,8.394471208277e-14
1397,-7.0389851843e-07,8.0733710363977e-13
1398,-7.0286793998e-07,6.5148794244977e-13
1399,-7.0163778718e-07,-8.6668551289023e-13
1400,-7.0056636643e-07,-3.6809185598023003e-13
1401,-6.9953621887e-07,1.35120622719977e-12
1402,-6.9846627545e-07,1.83890305209977e-12
1403,-6.9729913533e-07,1.9737984439977003e-13
1404,-6.9617108319e-07,-5.304574517002301e-13
1405,-6.9516216214e-07,1.5133600447997699e-12
1406,-6.9406139976e-07,1.1692329062997699e-12
1407,-6.9295067558e-07,3.0548766368976997e-13
1408,-6.9171750655e-07,-2.1075294584023e-13
1409,-6.9064746054e-07,5.2919829738977e-13
1410,-6.8951024682e-07,1.46736161179977e-12
1411,-6.8842455537e-07,-6.1220377388023e-13
1412,-6.8724797668e-07,-1.16803348800023e-12
1413,-6.8616061296e-07,8.5444676277977e-13
1414,-6.8498920496e-07,4.7676254233977e-13
1415,-6.8392418602e-07,-2.1485097256022997e-13
1416,-6.8282377245e-07,-1.1167733810023e-13
1417,-6.8162671618e-07,-1.0076103229023e-13
1418,-6.8048616819e-07,-8.3859449515023e-13
1419,-6.7934792855e-07,4.3059979878977e-13
1420,-6.7823579885e-07,-5.636177540602301e-13
1421,-6.7694146381e-07,-1.77713633240023e-12
1422,-6.7589570158e-07,6.769257343577e-14
1423,-6.7474113938e-07,7.060764942470011e-15
1424,-6.735249495e-07,-5.5741046678023e-13
1425,-6.7234162019e-07,-9.360317806923e-14
1426,-6.7124827529e-07,2.3990097940977e-13
1427,-6.7016115779e-07,4.9592358620977e-13
1428,-6.6904522188e-07,9.2796173517977e-13
1429,-6.6795292343e-07,1.35889717779977e-12
1430,-6.6684902169e-07,1.87024133309977e-12
1431,-6.6569474675e-07,7.399430033597699e-13
1432,-6.6461539555e-07,-6.0308758138023e-13
1433,-6.6364512132e-07,-1.26724419550023e-12
1434,-6.6233067803e-07,-1.28261027430023e-12
1435,-6.6118900152e-07,6.0243698464977e-13
1436,-6.6017479693e-07,2.5336409015997703e-12
1437,-6.5906204142e-07,1.46455129299977e-12
1438,-6.5788264142e-07,-1.34159897740023e-12
1439,-6.5681877152e-07,-8.466870938002301e-13
1440,-6.5556058002e-07,1.16174521389977e-12
1441,-6.5437753797e-07,-9.028653927523e-14
1442,-6.5333476121e-07,4.1274715371977e-13
1443,-6.5224659726e-07,1.01006467209977e-12
1444,-6.5113395459e-07,3.5685114028977e-13
1445,-6.5000863142e-07,-3.219363299222999e-14
1446,-6.4891407592e-07,1.22144471219977e-12
1447,-6.4768058884e-07,2.2254491731977003e-13
1448,-6.4666562507e-07,-4.5096279256023e-13
1449,-6.4547472438e-07,1.1464157336977e-13
1450,-6.4442924942e-07,4.576781767297699e-13
1451,-6.4340173851e-07,7.3034483325977e-13
1452,-6.4219066803e-07,9.6877038915977e-13
1453,-6.4103430018e-07,-5.1630361958023e-13
1454,-6.3993162957e-07,-6.3005033338023e-13
1455,-6.3870417496e-07,1.74479449129977e-12
1456,-6.3764692231e-07,1.39803594979977e-12
1457,-6.3636167702e-07,-6.2719132988023e-13
1458,-6.3533789024e-07,-4.1346834313023004e-13
1459,-6.3427051165e-07,-6.6636174687023e-13
1460,-6.3312534697e-07,5.3911048319977e-13
1461,-6.3193795497e-07,1.45156589139977e-12
1462,-6.3088980233e-07,1.06049218709977e-12
1463,-6.2975365559e-07,-5.8679892928023e-13
1464,-6.286731143e-07,2.5028053743977e-13
1465,-6.2752694421e-07,1.41554415129977e-12
1466,-6.2628687066e-07,-6.4422485646023e-13
1467,-6.2513989008e-07,-1.63546534560023e-12
1468,-6.2394907148e-07,-9.5945402990023e-13
1469,-6.2288092344e-07,-7.900753314622999e-14
1470,-6.2181785376e-07,2.52568583699977e-12
1471,-6.2051536257e-07,1.75510954219977e-12
1472,-6.1949025233e-07,-1.56213415760023e-12
1473,-6.1832139891e-07,-1.55197854880023e-12
1474,-6.1720526808e-07,4.2317539635976997e-13
1475,-6.1608171977e-07,4.3456637707976997e-13
1476,-6.1499098073e-07,7.0275039848977e-13
1477,-6.1395758097e-07,8.9111965947977e-13
1478,-6.1277672416e-07,9.6853670304977e-13
1479,-6.1157547183e-07,-1.4331016094023e-13
1480,-6.1040392021e-07,1.5397264955977004e-13
1481,-6.0936681684e-07,1.15607954279977e-12
1482,-6.0816816012e-07,8.343839217877e-14
1483,-6.0704325758e-07,-7.1806723283023e-13
1484,-6.0598148058e-07,-2.8727540978023004e-13
1485,-6.0484032729e-07,-8.3273165145023e-13
1486,-6.0373154212e-07,2.9331538023770014e-14
1487,-6.0256791069e-07,1.9400600119977e-13
1488,-6.0145584255e-07,-3.0694399066023003e-13
1489,-6.0044057099e-07,9.114638244677e-14
1490,-5.993202441e-07,4.8800868635977e-13
1491,-5.9820798103e-07,4.8381815888977e-13
1492,-5.9710797784e-07,-8.5380356611023e-13
1493,-5.9595985848e-07,-6.118033429902301e-13
1494,-5.9483681287e-07,4.6552126677977e-13
1495,-5.9379319484e-07,7.8606558209977e-13
1496,-5.9254986909e-07,-1.6584504801022998e-13
1497,-5.9142394062e-07,-7.1461792848023e-13
1498,-5.9018851453e-07,1.9476486396997702e-12
1499,-5.8894981573e-07,1.11653303729977e-12
1500,-5.8785262358e-07,4.7332297491977e-13
1501,-5.8679772032e-07,1.59481791069977e-12
1502,-5.8563427355e-07,5.0297311717977e-13
1503,-5.8460553152e-07,-9.0397061851023e-13
1504,-5.8361361015e-07,-8.577275453602301e-13
1505,-5.8246385956e-07,1.50621192759977e-12
1506,-5.8139398796e-07,9.7979136687977e-13
1507,-5.8030949684e-07,-7.7424074851023e-13
1508,-5.791543396e-07,6.9408088724977e-13
1509,-5.7782684647e-07,2.0065241510997703e-12
1510,-5.7659826334e-07,-6.9329528811023e-13
1511,-5.7561528809e-07,-1.56989326670023e-12
1512,-5.7454649372e-07,1.4841530176977004e-13
1513,-5.7338505777e-07,1.71152951699977e-12
1514,-5.7219777863e-07,6.8216532989977e-13
1515,-5.7105080831e-07,-1.37238225380023e-12
1516,-5.699781667e-07,-4.4926369980023004e-13
1517,-5.6884555942e-07,1.29837856099977e-12
1518,-5.6764376335e-07,1.42779198109977e-12
1519,-5.6661315412e-07,5.774387416977001e-14
1520,-5.6543224601e-07,-8.7293296498023e-13
1521,-5.6436108174e-07,-5.1782623064023e-13
1522,-5.6326765476e-07,1.6366575464977e-13
1523,-5.6210152005e-07,-2.866026250529989e-15
1524,-5.609579866e-07,6.9911730975977e-13
1525,-5.5987907655e-07,2.3075314190976997e-13
1526,-5.5873243453e-07,4.1244287492976997e-13
1527,-5.5767159112e-07,-1.7609072338022998e-13
1528,-5.5647508886e-07,-2.5978442980023003e-13
1529,-5.5539908219e-07,-2.5936695930023e-13
1530,-5.5419970732e-07,2.586154272077001e-14
1531,-5.5315750507e-07,-8.1606325942023e-13
1532,-5.5193897607e-07,5.4413230032977e-13
1533,-5.5083378167e-07,7.9691372946977e-13
1534,-5.4964292202e-07,5.459543217097699e-13
1535,-5.4848860604e-07,7.2297154965977e-13
1536,-5.4743203051e-07,5.7978403740977e-13
1537,-5.463179618e-07,7.4610282314977e-13
1538,-5.4511382661e-07,3.987175525377001e-14
1539,-5.4392962526e-07,-6.8667053033023e-13
1540,-5.4276715312e-07,1.9247000186977002e-13
1541,-5.4157644737e-07,1.1127952765997699e-12
1542,-5.4057743682e-07,1.37065937869977e-12
1543,-5.3943509345e-07,-5.897187885302301e-13
1544,-5.3834993548e-07,-7.2296612132023e-13
1545,-5.3715882961e-07,1.1730583843977002e-13
1546,-5.3609640627e-07,5.6271034602977e-13
1547,-5.3495776651e-07,2.6070026026977e-13
1548,-5.3377896156e-07,-5.3576529089023e-13
1549,-5.3259228771e-07,5.4883645038977e-13
1550,-5.3157352799e-07,8.0083770871977e-13
1551,-5.3043611935e-07,-3.6979216585023003e-13
1552,-5.293432669e-07,-4.1827351376023e-13
1553,-5.281898127e-07,-4.2909975305023004e-13
1554,-5.2713788463e-07,2.5496886500977e-13
1555,-5.2596424011e-07,2.7120152980977e-13
1556,-5.2491317382e-07,3.1341230045977e-13
1557,-5.2380778448e-07,-2.2335495614022998e-13
1558,-5.2276627987e-07,6.8246717445977e-13
1559,-5.2161277438e-07,3.613277750177001e-14
1560,-5.2050157828e-07,-2.9126502805229987e-14
1561,-5.193950399e-07,7.2769152221977e-13
1562,-5.1814861583e-07,7.825785471897699e-13
1563,-5.1705224443e-07,5.4430026221977e-13
1564,-5.1585914826e-07,-1.7532028948022996e-13
1565,-5.147472853e-07,4.8530182225977e-13
1566,-5.1364106497e-07,1.6196544477977e-13
1567,-5.1248168089e-07,-1.27017500880023e-12
1568,-5.1141327637e-07,-7.2974301850023e-13
1569,-5.1023300433e-07,1.23352458009977e-12
1570,-5.0911355974e-07,1.1284389428977001e-13
1571,-5.0811986352e-07,-1.68811044450023e-12
1572,-5.0686149761e-07,1.7987042579977002e-13
1573,-5.057463722e-07,8.1556236784977e-13
1574,-5.0466964737e-07,3.7572007651976997e-13
1575,-5.0349907039e-07,-4.5633027038023e-13
1576,-5.0245861222e-07,6.865128652297699e-13
1577,-5.0123877003e-07,8.4191534515977e-13
1578,-5.0000914046e-07,7.3292024891977e-13
1579,-4.9892099702e-07,4.8310614651977e-13
1580,-4.9782426655e-07,3.3305045345977e-13
1581,-4.9660628129e-07,-2.0602080212022998e-13
1582,-4.9550911992e-07,-1.29931396270023e-12
1583,-4.943263241e-07,-2.7695305616023e-13
1584,-4.9321039845e-07,6.2112457070977e-13
1585,-4.9215147353e-07,4.6669821713977e-13
1586,-4.9110510601e-07,-7.6598505643023e-13
1587,-4.8997785409e-07,-1.22120803200023e-12
1588,-4.8895712458e-07,9.1715253549977e-13
1589,-4.8770358055e-07,2.9954205616976997e-13
1590,-4.8669520325e-07,-5.850548032602301e-13
1591,-4.8560455655e-07,-3.4428873492023003e-13
1592,-4.8436135391e-07,2.346382586777001e-14
1593,-4.8322587402e-07,-1.37717403620023e-12
1594,-4.821491492e-07,-2.01381654520023e-12
1595,-4.8103452648e-07,-1.432881676722999e-14
1596,-4.7988999788e-07,1.39132355969977e-12
1597,-4.7874920367e-07,6.2772133484977e-13
1598,-4.7760425444e-07,-2.5495491687023004e-13
1599,-4.7649616691e-07,-6.8424968828023e-13
1600,-4.7539779495e-07,5.2980085458770013e-14
1601,-4.7428283368e-07,4.6481777421977e-13
1602,-4.7307908834e-07,-6.2788630264023e-13
1603,-4.7182587261e-07,-1.9161101920002298e-12
1604,-4.7071691304e-07,1.07180040399977e-12
1605,-4.6958165886e-07,5.409982288097699e-13
1606,-4.6844459903e-07,-6.9818565679023e-13
1607,-4.6726471685e-07,-7.6885988242023e-13
1608,-4.6623110165e-07,1.34972378089977e-12
1609,-4.65211593e-07,1.05476444319977e-12
1610,-4.6399647009e-07,-5.1580095102023e-13
1611,-4.6282337957e-07,-1.05967859430023e-12
1612,-4.6175065588e-07,5.9499310836977e-13
1613,-4.6070094382e-07,6.6243832748977e-13
1614,-4.5960254108e-07,1.2209396945977e-13
1615,-4.5852251276e-07,5.427654800097699e-13
1616,-4.5738985418e-07,1.04495449509977e-12
1617,-4.5621191101e-07,3.7798269358976997e-13
1618,-4.551631428e-07,-5.5577831536023e-13
1619,-4.5400488725e-07,-4.8666443136023e-13
1620,-4.5283919369e-07,1.2669953319977e-13
1621,-4.51654346e-07,-3.6885611910229985e-14
1622,-4.50511305e-07,-6.5315969880023e-13
1623,-4.4940863439e-07,-1.2583178730002301e-12
1624,-4.4830133682e-07,-1.7995141264023e-13
1625,-4.4720878189e-07,7.9817466076977e-13
1626,-4.4606791586e-07,-1.9652608681023e-13
1627,-4.4494668615e-07,-1.22248235150023e-12
1628,-4.4378572214e-07,-8.308414716202301e-13
1629,-4.4272693059e-07,5.5523117340977e-13
1630,-4.4164307555e-07,1.9720092846977002e-13
1631,-4.4042807575e-07,-8.898496485002301e-13
1632,-4.3947531417e-07,-6.643060393802301e-13
1633,-4.3827490311e-07,7.2869320798977e-13
1634,-4.3714569166e-07,8.2686328204977e-13
1635,-4.3602352835e-07,-2.2960240822023004e-13
1636,-4.3500604079e-07,-6.609029002123e-14
1637,-4.3376721887e-07,-3.7413361560023003e-13
1638,-4.3276007269e-07,-7.0824024508023e-13
1639,-4.3154288765e-07,5.9505152988977e-13
1640,-4.3044627003e-07,-2.077222439122999e-14
1641,-4.2938761185e-07,-5.6528155048023e-13
1642,-4.2821501378e-07,1.2312973444977003e-13
1643,-4.2698953923e-07,-5.0764019392023e-13
1644,-4.2596573193e-07,-1.50984323930023e-12
1645,-4.2465115527e-07,-1.48871412020023e-12
1646,-4.2369875276e-07,-3.5913632268023e-13
1647,-4.2251717779e-07,2.6691606735977e-13
1648,-4.2135779371e-07,-8.8225971840023e-13
1649,-4.2025328668e-07,2.0803933891977e-13
1650,-4.1910805019e-07,3.8666315885976997e-13
1651,-4.1804964849e-07,-1.00881170070023e-12
1652,-4.1691811844e-07,-1.01007384910023e-12
1653,-4.1565373032e-07,-1.6446118808022996e-13
1654,-4.1457481001e-07,3.2115802129977e-13
1655,-4.1349353005e-07,5.6073009967977e-13
1656,-4.1218692488e-07,6.422744659377001e-14
1657,-4.110825307e-07,1.1287797350977001e-13
1658,-4.1006753614e-07,4.3453229785976996e-13
1659,-4.0881798299e-07,5.689821404197699e-13
1660,-4.0770626366e-07,-3.3341867948023e-13
1661,-4.0660330579e-07,-1.33670374020023e-12
1662,-4.0550073776e-07,2.7889126335977e-13
1663,-4.0444004824e-07,7.0371800503977e-13
1664,-4.0322965487e-07,5.171063435377001e-14
1665,-4.0207685727e-07,-1.3480487505229989e-14
1666,-4.0102482661e-07,1.0407943954997699e-12
1667,-3.9985651693e-07,1.08394477899977e-12
1668,-3.9873781101e-07,-4.5659073303023e-13
1669,-3.9760289538e-07,6.5299229677977e-13
1670,-3.9666065985e-07,1.71176928869977e-12
1671,-3.954480197e-07,2.5679210350976996e-13
1672,-3.9430895931e-07,-1.35424602090023e-12
1673,-3.9314201412e-07,-6.736460958722999e-14
1674,-3.9203892287e-07,2.48181735549977e-12
1675,-3.9096994383e-07,-4.348724450322999e-14
1676,-3.8988338033e-07,-6.4415426378023e-13
1677,-3.8869264379e-07,1.32491532269977e-12
1678,-3.8748581041e-07,1.97090649319977e-12
1679,-3.8648024416e-07,-1.1263764196023e-13
1680,-3.8524611075e-07,8.2033102501977e-13
1681,-3.841581725e-07,1.1038263550997699e-12
1682,-3.8301911211e-07,-7.9933888010023e-13
1683,-3.8185528575e-07,-6.0774304684023e-13
1684,-3.8083246334e-07,1.411759860277001e-14
1685,-3.7968178941e-07,-1.57971538600023e-12
1686,-3.7857733368e-07,1.40229585279977e-12
1687,-3.7746027951e-07,2.0583549998997703e-12
1688,-3.7633845476e-07,9.2888552557977e-13
1689,-3.7521481412e-07,9.3039718259977e-13
1690,-3.7405963635e-07,1.4714585066977003e-13
1691,-3.7283036585e-07,-2.8734721957023e-13
1692,-3.7168161042e-07,8.2286019030977e-13
1693,-3.7057860125e-07,3.5647870304977e-13
1694,-3.6950029649e-07,1.5731363065977002e-13
1695,-3.6835152054e-07,2.7940245171977e-13
1696,-3.6722980864e-07,1.9105936540977e-13
1697,-3.661943878e-07,2.2771765671977e-13
1698,-3.6500957089e-07,-2.1906705945022998e-13
1699,-3.6376462417e-07,-4.6195212528023e-13
1700,-3.6271174198e-07,1.78811405389977e-12
1701,-3.6158801926e-07,2.9530222700997703e-12
1702,-3.604161496e-07,1.1802952658997699e-12
1703,-3.5927023599e-07,1.79189684779977e-12
1704,-3.5825124031e-07,1.09435598209977e-12
1705,-3.5726484871e-07,4.3022979578977e-13
1706,-3.5605175714e-07,7.0747523951977e-13
1707,-3.5487198781e-07,1.04653309339977e-12
1708,-3.5386871965e-07,6.1773125366977e-13
1709,-3.5270255417e-07,2.64987905009977e-12
1710,-3.5160119674e-07,9.9721315318977e-13
1711,-3.5058026205e-07,1.08093728749977e-12
1712,-3.4945813978e-07,1.39414361559977e-12
1713,-3.4834502519e-07,1.65130179079977e-12
1714,-3.4719261744e-07,6.8853814483977e-13
1715,-3.4614903018e-07,1.63073497889977e-12
1716,-3.4497802231e-07,1.39466332369977e-12
1717,-3.437984992e-07,1.58900496879977e-12
1718,-3.4264659416e-07,2.42950331189977e-12
1719,-3.4140857247e-07,1.75826308759977e-12
1720,-3.4031079554e-07,2.1160109617997703e-12
1721,-3.3908505425e-07,1.58811647469977e-12
1722,-3.3808366354e-07,3.31837102849977e-12
1723,-3.3697757657e-07,3.11574813189977e-12
1724,-3.3582642045e-07,1.36105512299977e-12
1725,-3.3465890074e-07,3.1746747620997704e-12
1726,-3.3347244234e-07,4.2934543139997694e-12
1727,-3.3224630093e-07,4.14664831839977e-12
1728,-3.3118893543e-07,3.69680499179977e-12
1729,-3.300697781e-07,2.55632549379977e-12
1730,-3.2902707315e-07,4.23745606289977e-12
1731,-3.2794773221e-07,4.20424220739977e-12
1732,-3.2676530572e-07,6.0427604563977e-13
1733,-3.256289743e-07,2.6446527576997704e-12
1734,-3.2460051954e-07,5.8548171005997696e-12
1735,-3.2345682194e-07,3.997083122699769e-12
1736,-3.223253124e-07,2.67411668129977e-12
1737,-3.2119798867e-07,4.2520383194997695e-12
1738,-3.2002877617e-07,5.7681438961997694e-12
1739,-3.190267699e-07,5.38258007229977e-12
1740,-3.1793348655e-07,3.3300662879997702e-12
1741,-3.1675604609e-07,3.82588127099977e-12
1742,-3.155521879e-07,5.02606756989977e-12
1743,-3.1441248117e-07,4.6565161129997696e-12
1744,-3.1319342895e-07,3.98433505859977e-12
1745,-3.1202477045e-07,6.50909925949977e-12
1746,-3.1104550907e-07,5.17845160429977e-12
1747,-3.099300451e-07,3.08790540559977e-12
1748,-3.0871239839e-07,5.599295945199769e-12
1749,-3.0765382229e-07,7.24833727319977e-12
1750,-3.0654557061e-07,6.21971187499977e-12
1751,-3.0539366557e-07,5.77953852829977e-12
1752,-3.0424538206e-07,6.01560896639977e-12
1753,-3.0311763769e-07,7.2416979099997696e-12
1754,-3.020381326e-07,7.76899844499977e-12
1755,-3.0091279917e-07,6.33257252889977e-12
1756,-2.9971704583e-07,5.5452073477997695e-12
1757,-2.9861424184e-07,6.03643380669977e-12
1758,-2.9753707587e-07,7.07615077529977e-12
1759,-2.9644731147e-07,8.13916089379977e-12
1760,-2.9528333122e-07,8.261759686099771e-12
1761,-2.9412391636e-07,7.672908420699771e-12
1762,-2.9290752129e-07,6.83517049469977e-12
1763,-2.9170391959e-07,7.60455645079977e-12
1764,-2.9063433525e-07,8.676659636599771e-12
1765,-2.895168707e-07,1.020180472799977e-11
1766,-2.8823711414e-07,9.76541904319977e-12
1767,-2.8712419448e-07,9.32309505409977e-12
1768,-2.8604251441e-07,8.50772892169977e-12
1769,-2.8493715585e-07,9.39385934619977e-12
1770,-2.8391978114e-07,1.051332291699977e-11
1771,-2.8282771865e-07,9.17883526339977e-12
1772,-2.8162818989e-07,9.57783603859977e-12
1773,-2.8062289038e-07,1.1393881387999771e-11
1774,-2.7950507702e-07,1.1684303320999771e-11
1775,-2.7831818773e-07,1.0237096198999771e-11
1776,-2.771672881e-07,1.044740030899977e-11
1777,-2.761175863e-07,1.3278654795999771e-11
1778,-2.7496871802e-07,1.2936068525999771e-11
1779,-2.738892437e-07,1.235751648899977e-11
1780,-2.7273233211e-07,1.2135473302999771e-11
1781,-2.7156964453e-07,1.1867586256999771e-11
1782,-2.7043783748e-07,1.3206719638999771e-11
1783,-2.6932571804e-07,1.3681289876999771e-11
1784,-2.6822399128e-07,1.323340245499977e-11
1785,-2.6702217469e-07,1.331077446499977e-11
1786,-2.6593482123e-07,1.377443691699977e-11
1787,-2.6476539328e-07,1.462930573899977e-11
1788,-2.6368316947e-07,1.442341610499977e-11
1789,-2.6247805964e-07,1.562622163599977e-11
1790,-2.6129989077e-07,1.565726659199977e-11
1791,-2.6029749465e-07,1.576059601799977e-11
1792,-2.5911502712e-07,1.557785469699977e-11
1793,-2.5800371816e-07,1.611552870399977e-11
1794,-2.5697909012e-07,1.612232994399977e-11
1795,-2.5589347047e-07,1.5691904472999772e-11
1796,-2.5472694591e-07,1.704911566599977e-11
1797,-2.535584926e-07,1.761119404899977e-11
1798,-2.524900573e-07,1.651114955099977e-11
1799,-2.511978049e-07,1.688042472299977e-11
1800,-2.5007053246e-07,1.673549916999977e-11
1801,-2.4886745398e-07,1.840961428699977e-11
1802,-2.4767786649e-07,1.958255059499977e-11
1803,-2.4671722576e-07,2.000491998099977e-11
1804,-2.4551655822e-07,2.085329549399977e-11
1805,-2.4442856867e-07,1.948709225399977e-11
1806,-2.433436364e-07,2.050743518299977e-11
1807,-2.4222668483e-07,1.947074274599977e-11
1808,-2.41080248e-07,1.997616928699977e-11
1809,-2.3999253545e-07,2.058912673499977e-11
1810,-2.3878676903e-07,2.159232781499977e-11
1811,-2.3773049102e-07,2.2580874827999772e-11
1812,-2.3650643225e-07,2.172688598099977e-11
1813,-2.3543557575e-07,2.066742131899977e-11
1814,-2.3446767143e-07,2.111483893499977e-11
1815,-2.3326127919e-07,2.278685209399977e-11
1816,-2.3203243958e-07,2.211933989399977e-11
1817,-2.3097982414e-07,2.3070117389999772e-11
1818,-2.2980354298e-07,2.367459641399977e-11
1819,-2.2863786994e-07,2.515204884699977e-11
1820,-2.2755277352e-07,2.429528254299977e-11
1821,-2.26387398e-07,2.430908949699977e-11
1822,-2.2536958214e-07,2.469623922199977e-11
1823,-2.2432103964e-07,2.355032408799977e-11
1824,-2.2329405195e-07,2.387617259099977e-11
1825,-2.2212292096e-07,2.510647031899977e-11
1826,-2.2093376436e-07,2.559264940099977e-11
1827,-2.1987426492e-07,2.635415331999977e-11
1828,-2.1868366176e-07,2.630408607099977e-11
1829,-2.1745539668e-07,2.617895932999977e-11
1830,-2.1640855722e-07,2.5689412489999772e-11
1831,-2.1521098799e-07,2.6056769488999772e-11
1832,-2.1412359349e-07,2.683094966099977e-11
1833,-2.1303198241e-07,2.737146806699977e-11
1834,-2.1184222051e-07,2.824175773799977e-11
1835,-2.1076551621e-07,2.859269585299977e-11
1836,-2.0968335395e-07,2.756634402499977e-11
1837,-2.0855156742e-07,2.9353478021999765e-11
1838,-2.0729110862e-07,2.955937982599977e-11
1839,-2.0630752807e-07,2.9629834970999765e-11
1840,-2.0523215747e-07,3.0562187777999767e-11
1841,-2.0404894102e-07,2.986851003599977e-11
1842,-2.0294397232e-07,2.9112043756999766e-11
1843,-2.0189670197e-07,3.0479589474999765e-11
1844,-2.0071847154e-07,3.1517242216999766e-11
1845,-1.9959819595e-07,3.170248592599977e-11
1846,-1.9850121925e-07,3.189146496099977e-11
1847,-1.9740028246e-07,3.1866123406999764e-11
1848,-1.9623481461e-07,3.244016481499977e-11
1849,-1.9511796562e-07,3.388544037499977e-11
1850,-1.9400733378e-07,3.402121200499977e-11
1851,-1.9286243585e-07,3.398542760199977e-11
1852,-1.9163947482e-07,3.3861001919999767e-11
1853,-1.905708959e-07,3.4864084939999765e-11
1854,-1.8941564632e-07,3.559811856899977e-11
1855,-1.8833383288e-07,3.6549066460999765e-11
1856,-1.8720908423e-07,3.6200880243999765e-11
1857,-1.8595908992e-07,3.558726311899977e-11
1858,-1.8480131655e-07,3.698139550099977e-11
1859,-1.837226835e-07,3.6948176776999765e-11
1860,-1.8260774275e-07,3.757021755499977e-11
1861,-1.8150222004e-07,3.7637779616999767e-11
1862,-1.8021733383e-07,3.6386151946999764e-11
1863,-1.7912661531e-07,3.640713501199977e-11
1864,-1.7813088774e-07,3.7828343336999766e-11
1865,-1.769741916e-07,4.0111904524999765e-11
1866,-1.758468063e-07,3.9723985582999764e-11
1867,-1.7468462143e-07,3.9343542162999765e-11
1868,-1.7363851039e-07,3.9063985417999766e-11
1869,-1.724917863e-07,4.0253296792999764e-11
1870,-1.7129516092e-07,4.118781849899977e-11
1871,-1.701768346e-07,4.125456752799977e-11
1872,-1.6891118459e-07,4.173776832899977e-11
1873,-1.6780726234e-07,4.182516328299977e-11
1874,-1.6675703731e-07,4.090040162399977e-11
1875,-1.656736542e-07,4.346665241099977e-11
1876,-1.6456115516e-07,4.4363473975999766e-11
1877,-1.6344233639e-07,4.4420346114999766e-11
1878,-1.6231958831e-07,4.458320220799977e-11
1879,-1.6121385016e-07,4.532702996299977e-11
1880,-1.6012655825e-07,4.491246350199977e-11
1881,-1.5904348291e-07,4.548854357899977e-11
1882,-1.5794911208e-07,4.581989222499977e-11
1883,-1.5674616697e-07,4.6624149746999767e-11
1884,-1.5559488774e-07,4.705939377799977e-11
1885,-1.546282248e-07,4.669881489399977e-11
1886,-1.5338451945e-07,4.909149288999977e-11
1887,-1.5231061594e-07,4.888061916899977e-11
1888,-1.5120428275e-07,4.8633763873999764e-11
1889,-1.5015432447e-07,4.9403112098999766e-11
1890,-1.4904095339e-07,4.915653795799977e-11
1891,-1.4784577458e-07,4.9256688277999766e-11
1892,-1.4670004564e-07,5.007715655699977e-11
1893,-1.4554618107e-07,5.0351570990999766e-11
1894,-1.4446241836e-07,4.917988831199977e-11
1895,-1.4336257931e-07,4.9267341686999766e-11
1896,-1.4222472952e-07,5.1455729338999765e-11
1897,-1.4109187602e-07,5.254604786999977e-11
1898,-1.4000563055e-07,5.2552347657999766e-11
1899,-1.3877450312e-07,5.3142739790999766e-11
1900,-1.3769936849e-07,5.3882076390999767e-11
1901,-1.3658757735e-07,5.572345964399977e-11
1902,-1.353858018e-07,5.4717993512999765e-11
1903,-1.3414725689e-07,5.4331998829999765e-11
1904,-1.3303917961e-07,5.605477907999977e-11
1905,-1.3197189336e-07,5.5814672687999766e-11
1906,-1.3089147518e-07,5.587067093899977e-11
1907,-1.2980196726e-07,5.567895217699977e-11
1908,-1.2870495979e-07,5.631568962099977e-11
1909,-1.2751695223e-07,5.783714563599977e-11
1910,-1.2643298434e-07,5.789771171999977e-11
1911,-1.253594912e-07,5.834288497599976e-11
1912,-1.2422662743e-07,5.956937800199977e-11
1913,-1.2303067917e-07,5.927795438399976e-11
1914,-1.2183551062e-07,5.940189443699977e-11
1915,-1.2062972368e-07,6.004879479199977e-11
1916,-1.1952312375e-07,6.060365203099977e-11
1917,-1.1834944845e-07,6.021337310299976e-11
1918,-1.1729779738e-07,5.991667085699976e-11
1919,-1.1612406053e-07,6.125635802599977e-11
1920,-1.1500247174e-07,6.217706790899977e-11
1921,-1.1389533833e-07,6.402356547999976e-11
1922,-1.1277591426e-07,6.299261052299977e-11
1923,-1.1158544447e-07,6.332442775899977e-11
1924,-1.1053534256e-07,6.415101204199977e-11
1925,-1.0944126924e-07,6.417413601299977e-11
1926,-1.083627593e-07,6.534003861199977e-11
1927,-1.0721848718e-07,6.616703427999977e-11
1928,-1.0612943067e-07,6.640420985799976e-11
1929,-1.0513242069e-07,6.697868942799976e-11
1930,-1.0395052768e-07,6.748006175899977e-11
1931,-1.027025955e-07,6.720072165999977e-11
1932,-1.0173931812e-07,6.722396003999977e-11
1933,-1.0064045371e-07,6.778506473099977e-11
1934,-9.9578984483e-08,6.761104769199976e-11
1935,-9.8435471555e-08,6.972422371199977e-11
1936,-9.7235111791e-08,6.973184406999976e-11
1937,-9.6057076285e-08,7.071808830199976e-11
1938,-9.4904114532e-08,7.193039585099976e-11
1939,-9.3848349481e-08,7.097696260899977e-11
1940,-9.272449339e-08,7.222517140399977e-11
1941,-9.1581483168e-08,7.406967290599977e-11
1942,-9.0354264531e-08,7.522246474099977e-11
1943,-8.9244432917e-08,7.587300183599977e-11
1944,-8.8057174291e-08,7.533379061199976e-11
1945,-8.6916410858e-08,7.621215949399977e-11
1946,-8.5834617937e-08,7.646468532899976e-11
1947,-8.4691720568e-08,7.804910514499977e-11
1948,-8.3570634491e-08,7.867506868499977e-11
1949,-8.2363308655e-08,8.012311074799977e-11
1950,-8.1315309901e-08,8.133310577799977e-11
1951,-8.0135520053e-08,7.976253308099976e-11
1952,-7.9011427999e-08,7.961119698299977e-11
1953,-7.7880831541e-08,8.059963080499977e-11
1954,-7.6749865749e-08,8.196060775299977e-11
1955,-7.5641901329e-08,8.170941100699977e-11
1956,-7.4524190565e-08,8.188436400799977e-11
1957,-7.332786271e-08,8.338616361299977e-11
1958,-7.2188576617e-08,8.300132397299976e-11
1959,-7.1033398853e-08,8.417908127399977e-11
1960,-6.99253421e-08,8.534343205099977e-11
1961,-6.8925079914e-08,8.619402514699977e-11
1962,-6.7677906919e-08,8.603959514199977e-11
1963,-6.6503698136e-08,8.674587489499976e-11
1964,-6.5448261382e-08,8.811285100299976e-11
1965,-6.4340276444e-08,8.797700999799977e-11
1966,-6.3149806655e-08,8.893120028499977e-11
1967,-6.209467768e-08,9.015117930999977e-11
1968,-6.0943706234e-08,9.163960647099977e-11
1969,-5.9867555933e-08,9.235134498499977e-11
1970,-5.8757580689e-08,9.273548478499976e-11
1971,-5.7645102173e-08,9.178746527199976e-11
1972,-5.6489729482e-08,9.347928211199977e-11
1973,-5.5334305495e-08,9.361923331499977e-11
1974,-5.421423509e-08,9.490819964399977e-11
1975,-5.3095098281e-08,9.579063977599977e-11
1976,-5.1927229752e-08,9.685239139699976e-11
1977,-5.0801691134e-08,9.800989225099977e-11
1978,-4.9685683415e-08,9.742012327999977e-11
1979,-4.8618150935e-08,9.732953461699976e-11
1980,-4.7400924866e-08,9.708682846699977e-11
1981,-4.6300767781e-08,9.788765615899977e-11
1982,-4.5238990774e-08,9.918263625399976e-11
1983,-4.4090173782e-08,9.969117617599976e-11
1984,-4.2914087545e-08,1.0077951080999976e-10
1985,-4.1852361835e-08,1.0100484020999977e-10
1986,-4.0709567058e-08,1.0161012373999977e-10
1987,-3.9536845875e-08,1.0171882185999976e-10
1988,-3.8522210396e-08,1.0246114160999976e-10
1989,-3.7371013245e-08,1.0483031102999977e-10
1990,-3.6269819969e-08,1.0534982445999977e-10
1991,-3.5125486296e-08,1.0581446668999977e-10
1992,-3.4007488271e-08,1.0695607688999977e-10
1993,-3.2935349361e-08,1.0861294669999977e-10
1994,-3.1789004863e-08,1.0851526590999976e-10
1995,-3.0667764897e-08,1.0950338936999977e-10
1996,-2.9508278223e-08,1.0970057540999977e-10
1997,-2.8428465349e-08,1.1046103260999977e-10
1998,-2.7324984248e-08,1.1230629115999977e-10
1999,-2.6742019487e-08,1.1306830260999977e-10
